question,reference_answer,rag_answer,no_rag_answer,contexts,raw_response,error
Luật số 109/2025/QH15 quy định về điều gì?,"Luật này quy định về người nộp thuế, thu nhập chịu thuế, thu nhập được miễn thuế, giảm thuế và căn cứ tính thuế thu nhập cá nhân.","Luật số 109/2025/QH15 là Luật Thuế thu nhập cá nhân. Luật này quy định về người nộp thuế, thu nhập chịu thuế, thu nhập được miễn thuế, giảm thuế và căn cứ tính thuế thu nhập cá nhân (Nguồn: Luật-109-2025-QH15.pdf).","Chào bạn,

Luật số 109/2025/QH15 hiện tại **chưa tồn tại**.

*   Số hiệu ""2025"" trong tên luật cho thấy đây là một dự kiến luật sẽ được Quốc hội thông qua và ban hành vào **năm 2025**.
*   Tính đến thời điểm hiện tại (năm 2023), luật này chưa được Quốc hội khóa XV thông qua và công bố.

Do đó, không thể biết được luật này sẽ quy định về vấn đề gì. Tên và nội dung cụ thể của các dự án luật chỉ được xác định khi chúng đã trải qua quá trình lập pháp, được Quốc hội thảo luận, thông qua và Chủ tịch nước ký lệnh công bố.

Để biết thông tin về các luật đã có hiệu lực hoặc đang được dự kiến ban hành, bạn nên tham khảo các nguồn thông tin chính thức của Quốc hội và Chính phủ Việt Nam.","[""phạt vi phạm theo quy định của pháp luật. 6. Chính phủ quy định chi tiết khoản 5 Điều này. Bộ Tài chính quy định thủ tục, hồ sơ được hưởng ưu đãi thuế quy định tại các điều 4, 13, 14 và 15 của Luật này. Chương IV ĐIỀU KHOẢN THI HÀNH Điều 19. Hiệu lực thi hành 1. Luật này có hiệu lực thi hành từ ngày 01 tháng 10 năm 2025 và áp dụng từ kỳ tính thuế thu nhập doanh nghiệp năm 2025. 2. Luật Thuế thu nhập doanh nghiệp số 14/2008/QH12 đã được sửa đổi, bổ sung một số điều theo Luật số 32/2013/QH13, Luật số 71/2014/QH13, Luật số 61/2020/QH14, Luật số 12/2022/QH15 và Luật số 15/2023/QH15 hết hiệu lực kể từ ngày Luật này có hiệu lực thi hành. 3. Trường hợp Tổ chức hợp tác phát triển kinh tế, Liên hợp quốc có quy định, hướng dẫn thuận lợi hơn về quyền đánh thuế cho các nước nguồn thu nhập, trong đó có Việt Nam, giao Chính phủ quy định cụ thể để thực hiện. Điều 20. Điều khoản chuyển tiếp 1. Doanh nghiệp có dự án đầu tư được hưởng ưu đãi thuế thu nhập doanh nghiệp theo quy định của pháp luật về thuế thu nhập doanh nghiệp tại thời điểm cấp phép hoặc cấp Giấy chứng nhận đầu tư hoặc được phép đầu tư theo quy định của pháp luật về đầu tư, trường hợp pháp luật về thuế thu nhập doanh nghiệp có sửa đổi, bổ sung mà doanh nghiệp đáp ứng điều kiện ưu đãi thuế theo quy định của pháp luật mới được sửa đổi, bổ sung thì doanh nghiệp được quyền lựa chọn hưởng ưu đãi về thuế suất và về thời gian miễn thuế, giảm thuế theo quy định của pháp luật tại thời điểm cấp phép, cấp Giấy chứng nhận đầu tư, được phép đầu tư hoặc theo quy định của pháp luật mới được sửa đổi, bổ sung cho thời gian còn lại. 2. Trường hợp doanh nghiệp có dự án đầu tư mà không thuộc diện được hưởng ưu đãi theo quy định của các văn bản quy phạm pháp luật về thuế thu nhập doanh nghiệp trước thời điểm Luật này có hiệu lực thi hành nhưng thuộc diện hưởng ưu đãi theo quy định của Luật này thì được áp"", ""mà không thuộc diện được hưởng ưu đãi theo quy định của các văn bản quy phạm pháp luật về thuế thu nhập doanh nghiệp trước thời điểm Luật này có hiệu lực thi hành nhưng thuộc diện hưởng ưu đãi theo quy định của Luật này thì được áp dụng ưu đãi theo quy định của Luật này cho thời gian còn lại kể từ kỳ tính thuế năm 2025. _______________________ Luật này được Quốc hội nước Cộng hòa xã hội chủ nghĩa Việt Nam khóa XV, Kỳ họp thứ 9 thông qua ngày 14 tháng 6 năm 2025. CHỦ TỊCH QUỐC HỘI Trần Thanh Mẫn QUỐC HỘI _______ Luật số: 67/2025/QH15 CỘNG HÒA XÃ HỘI CHỦ NGHĨA VIỆT NAM Độc lập – Tự do – Hạnh phúc _________________ Thu nhập chịu thuế = Doanh thu Các khoản chi được trừ + Các khoản thu nhập khác (kể cả thu nhập nhận được ở ngoài Việt Nam)"", ""của Chính phủ. 4. Thuế suất 15% và 17% quy định tại khoản 2, khoản 3 Điều 10 của Luật này không áp dụng đối với doanh nghiệp là công ty con hoặc công ty có quan hệ liên kết mà doanh nghiệp trong quan hệ liên kết không phải là doanh nghiệp đáp ứng điều kiện áp dụng thuế suất quy định tại khoản 2, khoản 3 Điều 10 của Luật này. 5. Trường hợp doanh nghiệp không đáp ứng điều kiện ưu đãi thuế thì cơ quan có thẩm quyền thực hiện truy thu thuế và xử phạt vi phạm theo quy định của pháp luật. 6. Chính phủ quy định chỉ tiết khoản 5 Điều này. Bộ Tài chính quy định thủ tục, hồ sơ được hưởng ưu đãi thuế quy định tại các điều 4, 13, 14 và 15 của Luật này. Chương IV ĐIỀU KHOẢN THỊ HÀNH Điều 19. Hiệu lực thi hành 1. Luật này có hiệu lực thi hành từ ngày 01 tháng 10 năm 2025 và áp dụng từ kỳ tính thuế thu nhập doanh nghiệp năm 2025. 21 2. Luật Thuế thu nhập doanh nghiệp số 14/2008/QH12 đã được sửa đổi, bỏ sung một số điều theo Luật số 32/2013/QH13, Luật số 71/2014/QH13, Luật số 61/2020/QH14, Luật số 12/2022/QH15 và Luật số 15/2023/QH15 hết hiệu lực kể từ ngày Luật này có hiệu lực thi hành. 3. Trường hợp Tổ chức hợp tác phát triển kinh tế, Liên hợp quốc có quy định, hướng dẫn thuận lợi hơn về quyền đánh thuế cho các nước nguồn thu nhập, trong đó có Việt Nam, giao Chính phủ quy định cụ thẻ để thực hiện. Điều 20. Điều khoản chuyển tiếp 1. Doanh nghiệp có dự án đầu tư được hưởng ưu đãi thuế thu nhập doanh nghiệp theo quy định của pháp luật về thuế thu nhập doanh nghiệp tại thời điểm cấp phép hoặc cấp Giấy chứng nhận đầu tư hoặc được phép đầu tư theo quy định của pháp luật về đầu tư, trường hợp pháp luật về thuế thu nhập doanh nghiệp có sửa đổi, bổ sung mà doanh nghiệp đáp ứng điều kiện ưu đãi thuế theo quy định của pháp luật mới được sửa đổi, bỗ sung thì doanh nghiệp được quyền lựa chọn hưởng ưu đãi về thuế suất và về thời gian miễn thuế, giảm"", ""QUỐC HỘI CỘNG HÒA XÃ HỘI CHỦ NGHĨA VIỆT NAM Độc lập Tự do Hạnh phúc - Luật số: 109/2025/QH15 LUẬT THUẾ THU NHẬP CÁ NHÂN Căn cứ Hiến pháp nước Cộng hòa xã hội chủ nghĩa Việt Nam đã được sửa đổi, bổ sung một số điều theo Nghị quyết số 203/2025/QH15; Quốc hội ban hành Luật Thuế thu nhập cá nhân. Chương I NHỮNG QUY ĐỊNH CHUNG Điều 1. Phạm vi điều chỉnh Luật này quy định về người nộp thuế, thu nhập chịu thuế, thu nhập được miễn thuế, giảm thuế và căn cứ tính thuế thu nhập cá nhân. Điều 2. Người nộp thuế 1. Người nộp thuế thu nhập cá nhân là cá nhân cư trú có thu nhập chịu thuế quy định tại Điều 3 của Luật này phát sinh trong và ngoài lãnh thổ Việt Nam và cá nhân không cư trú có thu nhập chịu thuế quy định tại Điều 3 của Luật nàyphát sinh tronglãnhthổ Việt Nam. 2. Cá nhân cư trú là người đáp ứng một trong các điều kiện sau đây: a) Có mặt tại Việt Nam từ 183 ngày trở lên tính trong 01 năm dương lịch hoặc tính theo 12 tháng liên tục kể từ ngày đầu tiên có mặt tại Việt Nam; b) Có nơi ở thường xuyên tại Việt Nam, bao gồm có nơi ở đăng ký thường trú hoặc có nhà thuê để ở tại Việt Nam theo hợp đồng thuê có thời hạn. 3. Cá nhân không cư trú là người không đáp ứng điều kiện quy định tại khoản 2 Điều này. 4. Chính phủ quy định chi tiết Điều này. Điều 3. Thu nhập chịu thuế Thu nhập chịu thuế thu nhập cá nhân gồm các loại thu nhập sau đây, trừ thu nhập được miễn thuế quy định tại Điều 4 của Luật này: 1. Thu nhập từ kinh doanh, bao gồm: a) Thu nhập từ hoạt động sản xuất, kinh doanh hàng hoá, dịch vụ; 2 b) Thu nhập từ hoạt động hành nghề độc lập của cá nhân có giấy phép hoặc chứng chỉ hành nghề theo quy định của pháp luật; c) Thu nhập từ hoạt động đại lý, môi giới, hợp tác kinh doanh với tổ chức; d) Thu nhập từ hoạt động kinh doanh thương mại điện tử, kinh doanh dựa trênnền tảng số. 2."", ""nhập doanh nghiệp có sửa đổi, bổ sung mà doanh nghiệp đáp ứng điều kiện ưu đãi thuế theo quy định của pháp luật mới được sửa đổi, bỗ sung thì doanh nghiệp được quyền lựa chọn hưởng ưu đãi về thuế suất và về thời gian miễn thuế, giảm thuế theo quy định của pháp luật tại thời điểm cấp phép, cấp Giấy chứng nhận đầu tư, được phép đầu tư hoặc theo quy định của pháp luật mới được sửa đổi, bổ sung cho thời gian còn lại. 2. Trường hợp doanh nghiệp có dự án đầu tư mà không thuộc diện được hưởng ưu đãi theo quy định của các văn bản quy phạm pháp luật về thuế thu nhập doanh nghiệp trước thời điểm Luật này có hiệu lực thi hành nhưng thuộc diện hưởng ưu đãi theo quy định của Luật này thì được áp dụng ưu đãi theo quy định của Luật này cho thời gian còn lại kể từ kỳ tính thuế năm 2025. Luật này được Quốc hội nước Cộng hoà xã hội chủ nghĩa Việt Nam khoá XƯ, Kỹ họp thứ 9 thông qua ngày 14 tháng 6 năm 2025. | 'Ế / P.4 CHỦ TỊCH QUÓC HỘI ` , ⁄ Trần Thanh Mẫn""]","{""question"": ""Luật số 109/2025/QH15 quy định về điều gì?"", ""rag"": {""question"": ""Luật số 109/2025/QH15 quy định về điều gì?"", ""answer"": ""Luật số 109/2025/QH15 là Luật Thuế thu nhập cá nhân. Luật này quy định về người nộp thuế, thu nhập chịu thuế, thu nhập được miễn thuế, giảm thuế và căn cứ tính thuế thu nhập cá nhân (Nguồn: Luật-109-2025-QH15.pdf)."", ""retrieved"": [{""text"": ""phạt vi phạm theo quy định của pháp luật. 6. Chính phủ quy định chi tiết khoản 5 Điều này. Bộ Tài chính quy định thủ tục, hồ sơ được hưởng ưu đãi thuế quy định tại các điều 4, 13, 14 và 15 của Luật này. Chương IV ĐIỀU KHOẢN THI HÀNH Điều 19. Hiệu lực thi hành 1. Luật này có hiệu lực thi hành từ ngày 01 tháng 10 năm 2025 và áp dụng từ kỳ tính thuế thu nhập doanh nghiệp năm 2025. 2. Luật Thuế thu nhập doanh nghiệp số 14/2008/QH12 đã được sửa đổi, bổ sung một số điều theo Luật số 32/2013/QH13, Luật số 71/2014/QH13, Luật số 61/2020/QH14, Luật số 12/2022/QH15 và Luật số 15/2023/QH15 hết hiệu lực kể từ ngày Luật này có hiệu lực thi hành. 3. Trường hợp Tổ chức hợp tác phát triển kinh tế, Liên hợp quốc có quy định, hướng dẫn thuận lợi hơn về quyền đánh thuế cho các nước nguồn thu nhập, trong đó có Việt Nam, giao Chính phủ quy định cụ thể để thực hiện. Điều 20. Điều khoản chuyển tiếp 1. Doanh nghiệp có dự án đầu tư được hưởng ưu đãi thuế thu nhập doanh nghiệp theo quy định của pháp luật về thuế thu nhập doanh nghiệp tại thời điểm cấp phép hoặc cấp Giấy chứng nhận đầu tư hoặc được phép đầu tư theo quy định của pháp luật về đầu tư, trường hợp pháp luật về thuế thu nhập doanh nghiệp có sửa đổi, bổ sung mà doanh nghiệp đáp ứng điều kiện ưu đãi thuế theo quy định của pháp luật mới được sửa đổi, bổ sung thì doanh nghiệp được quyền lựa chọn hưởng ưu đãi về thuế suất và về thời gian miễn thuế, giảm thuế theo quy định của pháp luật tại thời điểm cấp phép, cấp Giấy chứng nhận đầu tư, được phép đầu tư hoặc theo quy định của pháp luật mới được sửa đổi, bổ sung cho thời gian còn lại. 2. Trường hợp doanh nghiệp có dự án đầu tư mà không thuộc diện được hưởng ưu đãi theo quy định của các văn bản quy phạm pháp luật về thuế thu nhập doanh nghiệp trước thời điểm Luật này có hiệu lực thi hành nhưng thuộc diện hưởng ưu đãi theo quy định của Luật này thì được áp"", ""score"": 0.6525, ""source"": ""luat-67-2025-qh15_1809150248.docx"", ""chunk_id"": 28, ""doc_id"": ""luat-67-2025-qh15_1809150248_28""}, {""text"": ""mà không thuộc diện được hưởng ưu đãi theo quy định của các văn bản quy phạm pháp luật về thuế thu nhập doanh nghiệp trước thời điểm Luật này có hiệu lực thi hành nhưng thuộc diện hưởng ưu đãi theo quy định của Luật này thì được áp dụng ưu đãi theo quy định của Luật này cho thời gian còn lại kể từ kỳ tính thuế năm 2025. _______________________ Luật này được Quốc hội nước Cộng hòa xã hội chủ nghĩa Việt Nam khóa XV, Kỳ họp thứ 9 thông qua ngày 14 tháng 6 năm 2025. CHỦ TỊCH QUỐC HỘI Trần Thanh Mẫn QUỐC HỘI _______ Luật số: 67/2025/QH15 CỘNG HÒA XÃ HỘI CHỦ NGHĨA VIỆT NAM Độc lập – Tự do – Hạnh phúc _________________ Thu nhập chịu thuế = Doanh thu Các khoản chi được trừ + Các khoản thu nhập khác (kể cả thu nhập nhận được ở ngoài Việt Nam)"", ""score"": 0.6461, ""source"": ""luat-67-2025-qh15_1809150248.docx"", ""chunk_id"": 29, ""doc_id"": ""luat-67-2025-qh15_1809150248_29""}, {""text"": ""của Chính phủ. 4. Thuế suất 15% và 17% quy định tại khoản 2, khoản 3 Điều 10 của Luật này không áp dụng đối với doanh nghiệp là công ty con hoặc công ty có quan hệ liên kết mà doanh nghiệp trong quan hệ liên kết không phải là doanh nghiệp đáp ứng điều kiện áp dụng thuế suất quy định tại khoản 2, khoản 3 Điều 10 của Luật này. 5. Trường hợp doanh nghiệp không đáp ứng điều kiện ưu đãi thuế thì cơ quan có thẩm quyền thực hiện truy thu thuế và xử phạt vi phạm theo quy định của pháp luật. 6. Chính phủ quy định chỉ tiết khoản 5 Điều này. Bộ Tài chính quy định thủ tục, hồ sơ được hưởng ưu đãi thuế quy định tại các điều 4, 13, 14 và 15 của Luật này. Chương IV ĐIỀU KHOẢN THỊ HÀNH Điều 19. Hiệu lực thi hành 1. Luật này có hiệu lực thi hành từ ngày 01 tháng 10 năm 2025 và áp dụng từ kỳ tính thuế thu nhập doanh nghiệp năm 2025. 21 2. Luật Thuế thu nhập doanh nghiệp số 14/2008/QH12 đã được sửa đổi, bỏ sung một số điều theo Luật số 32/2013/QH13, Luật số 71/2014/QH13, Luật số 61/2020/QH14, Luật số 12/2022/QH15 và Luật số 15/2023/QH15 hết hiệu lực kể từ ngày Luật này có hiệu lực thi hành. 3. Trường hợp Tổ chức hợp tác phát triển kinh tế, Liên hợp quốc có quy định, hướng dẫn thuận lợi hơn về quyền đánh thuế cho các nước nguồn thu nhập, trong đó có Việt Nam, giao Chính phủ quy định cụ thẻ để thực hiện. Điều 20. Điều khoản chuyển tiếp 1. Doanh nghiệp có dự án đầu tư được hưởng ưu đãi thuế thu nhập doanh nghiệp theo quy định của pháp luật về thuế thu nhập doanh nghiệp tại thời điểm cấp phép hoặc cấp Giấy chứng nhận đầu tư hoặc được phép đầu tư theo quy định của pháp luật về đầu tư, trường hợp pháp luật về thuế thu nhập doanh nghiệp có sửa đổi, bổ sung mà doanh nghiệp đáp ứng điều kiện ưu đãi thuế theo quy định của pháp luật mới được sửa đổi, bỗ sung thì doanh nghiệp được quyền lựa chọn hưởng ưu đãi về thuế suất và về thời gian miễn thuế, giảm"", ""score"": 0.5898, ""source"": ""Luật-67-2025-QH15.pdf"", ""chunk_id"": 28, ""doc_id"": ""Luật-67-2025-QH15_28""}, {""text"": ""QUỐC HỘI CỘNG HÒA XÃ HỘI CHỦ NGHĨA VIỆT NAM Độc lập Tự do Hạnh phúc - Luật số: 109/2025/QH15 LUẬT THUẾ THU NHẬP CÁ NHÂN Căn cứ Hiến pháp nước Cộng hòa xã hội chủ nghĩa Việt Nam đã được sửa đổi, bổ sung một số điều theo Nghị quyết số 203/2025/QH15; Quốc hội ban hành Luật Thuế thu nhập cá nhân. Chương I NHỮNG QUY ĐỊNH CHUNG Điều 1. Phạm vi điều chỉnh Luật này quy định về người nộp thuế, thu nhập chịu thuế, thu nhập được miễn thuế, giảm thuế và căn cứ tính thuế thu nhập cá nhân. Điều 2. Người nộp thuế 1. Người nộp thuế thu nhập cá nhân là cá nhân cư trú có thu nhập chịu thuế quy định tại Điều 3 của Luật này phát sinh trong và ngoài lãnh thổ Việt Nam và cá nhân không cư trú có thu nhập chịu thuế quy định tại Điều 3 của Luật nàyphát sinh tronglãnhthổ Việt Nam. 2. Cá nhân cư trú là người đáp ứng một trong các điều kiện sau đây: a) Có mặt tại Việt Nam từ 183 ngày trở lên tính trong 01 năm dương lịch hoặc tính theo 12 tháng liên tục kể từ ngày đầu tiên có mặt tại Việt Nam; b) Có nơi ở thường xuyên tại Việt Nam, bao gồm có nơi ở đăng ký thường trú hoặc có nhà thuê để ở tại Việt Nam theo hợp đồng thuê có thời hạn. 3. Cá nhân không cư trú là người không đáp ứng điều kiện quy định tại khoản 2 Điều này. 4. Chính phủ quy định chi tiết Điều này. Điều 3. Thu nhập chịu thuế Thu nhập chịu thuế thu nhập cá nhân gồm các loại thu nhập sau đây, trừ thu nhập được miễn thuế quy định tại Điều 4 của Luật này: 1. Thu nhập từ kinh doanh, bao gồm: a) Thu nhập từ hoạt động sản xuất, kinh doanh hàng hoá, dịch vụ; 2 b) Thu nhập từ hoạt động hành nghề độc lập của cá nhân có giấy phép hoặc chứng chỉ hành nghề theo quy định của pháp luật; c) Thu nhập từ hoạt động đại lý, môi giới, hợp tác kinh doanh với tổ chức; d) Thu nhập từ hoạt động kinh doanh thương mại điện tử, kinh doanh dựa trênnền tảng số. 2."", ""score"": 0.5793, ""source"": ""Luật-109-2025-QH15.pdf"", ""chunk_id"": 0, ""doc_id"": ""Luật-109-2025-QH15_0""}, {""text"": ""nhập doanh nghiệp có sửa đổi, bổ sung mà doanh nghiệp đáp ứng điều kiện ưu đãi thuế theo quy định của pháp luật mới được sửa đổi, bỗ sung thì doanh nghiệp được quyền lựa chọn hưởng ưu đãi về thuế suất và về thời gian miễn thuế, giảm thuế theo quy định của pháp luật tại thời điểm cấp phép, cấp Giấy chứng nhận đầu tư, được phép đầu tư hoặc theo quy định của pháp luật mới được sửa đổi, bổ sung cho thời gian còn lại. 2. Trường hợp doanh nghiệp có dự án đầu tư mà không thuộc diện được hưởng ưu đãi theo quy định của các văn bản quy phạm pháp luật về thuế thu nhập doanh nghiệp trước thời điểm Luật này có hiệu lực thi hành nhưng thuộc diện hưởng ưu đãi theo quy định của Luật này thì được áp dụng ưu đãi theo quy định của Luật này cho thời gian còn lại kể từ kỳ tính thuế năm 2025. Luật này được Quốc hội nước Cộng hoà xã hội chủ nghĩa Việt Nam khoá XƯ, Kỹ họp thứ 9 thông qua ngày 14 tháng 6 năm 2025. | 'Ế / P.4 CHỦ TỊCH QUÓC HỘI ` , ⁄ Trần Thanh Mẫn"", ""score"": 0.5572, ""source"": ""Luật-67-2025-QH15.pdf"", ""chunk_id"": 29, ""doc_id"": ""Luật-67-2025-QH15_29""}], ""mode"": ""rag""}, ""no_rag"": {""question"": ""Luật số 109/2025/QH15 quy định về điều gì?"", ""answer"": ""Chào bạn,\n\nLuật số 109/2025/QH15 hiện tại **chưa tồn tại**.\n\n*   Số hiệu \""2025\"" trong tên luật cho thấy đây là một dự kiến luật sẽ được Quốc hội thông qua và ban hành vào **năm 2025**.\n*   Tính đến thời điểm hiện tại (năm 2023), luật này chưa được Quốc hội khóa XV thông qua và công bố.\n\nDo đó, không thể biết được luật này sẽ quy định về vấn đề gì. Tên và nội dung cụ thể của các dự án luật chỉ được xác định khi chúng đã trải qua quá trình lập pháp, được Quốc hội thảo luận, thông qua và Chủ tịch nước ký lệnh công bố.\n\nĐể biết thông tin về các luật đã có hiệu lực hoặc đang được dự kiến ban hành, bạn nên tham khảo các nguồn thông tin chính thức của Quốc hội và Chính phủ Việt Nam."", ""retrieved"": [], ""mode"": ""no_rag""}}",
Cá nhân cư trú là người như thế nào?,Cá nhân cư trú là người có mặt tại Việt Nam từ 183 ngày trở lên tính trong 01 năm dương lịch hoặc có nơi ở thường xuyên tại Việt Nam.,Tôi không tìm thấy thông tin định nghĩa cá nhân cư trú trong tài liệu được cung cấp.,"Trong pháp luật thuế thu nhập cá nhân của Việt Nam, **cá nhân cư trú** là một khái niệm quan trọng để xác định nghĩa vụ thuế. Cá nhân cư trú là người đáp ứng một trong các điều kiện sau đây:

1.  **Có mặt tại Việt Nam từ 183 ngày trở lên trong một năm dương lịch hoặc trong 12 tháng liên tục kể từ ngày đầu tiên có mặt tại Việt Nam.**
    *   **Giải thích:**
        *   ""183 ngày trở lên"": Đây là số ngày tối thiểu. Ngày đến và ngày đi được tính là một ngày có mặt.
        *   ""Trong một năm dương lịch"": Tính từ ngày 01 tháng 01 đến ngày 31 tháng 12 của cùng năm đó.
        *   ""Trong 12 tháng liên tục kể từ ngày đầu tiên có mặt"": Điều này áp dụng cho những trường hợp cá nhân không có mặt đủ 183 ngày trong một năm dương lịch cố định nhưng lại có mặt đủ 183 ngày trong một chu kỳ 12 tháng liên tục bắt đầu từ ngày đầu tiên họ đặt chân đến Việt Nam (không cần trùng với năm dương lịch). Ví dụ, từ 15/5/2023 đến 14/5/2024.
        *   Việc có mặt tại Việt Nam không nhất thiết phải liên tục, mà là tổng số ngày có mặt.

2.  **Có nơi ở thường xuyên tại Việt Nam.**
    *   **Giải thích:**
        *   **Đối với công dân Việt Nam:** Là có nơi đăng ký thường trú (theo quy định của pháp luật về cư trú) hoặc có nhà thuê để ở tại Việt Nam theo hợp đồng thuê có thời hạn.
        *   **Đối với người nước ngoài:** Là có thẻ thường trú hoặc thẻ tạm trú do cơ quan có thẩm quyền của Việt Nam cấp, hoặc có nhà thuê để ở tại Việt Nam theo hợp đồng thuê có thời hạn.
            *   Đối với trường hợp thuê nhà, hợp đồng thuê nhà phải có thời hạn từ 90 ngày trở lên trong năm tính thuế.
            *   Nơi ở thường xuyên bao gồm nhà thuộc sở hữu của cá nhân, nhà thuê, nhà ở khác thuộc quyền sử dụng của cá nhân tại Việt Nam.

**Tóm lại:**
Cá nhân cư trú là người có gắn bó đáng kể với Việt Nam, thông qua thời gian hiện diện vật lý hoặc thông qua việc có một nơi ở ổn định tại Việt Nam.

**Ý nghĩa của việc xác định cá nhân cư trú:**
*   **Cá nhân cư trú** phải nộp thuế thu nhập cá nhân đối với thu nhập phát sinh **trong và ngoài lãnh thổ Việt Nam**, không phân biệt nơi trả thu nhập. Tức là họ chịu thuế trên thu nhập toàn cầu.
*   **Cá nhân không cư trú** (người không đáp ứng các điều kiện trên) chỉ phải nộp thuế thu nhập cá nhân đối với thu nhập phát sinh **tại Việt Nam**.

Quy định này được hướng dẫn chi tiết tại **Thông tư số 111/2013/TT-BTC** của Bộ Tài chính.","[""Đồng Việt Nam. Điều 4. Thu nhập được miễn thuế 1. Thu nhập từ chuyển nhượng, nhận thừa kế, quà tặng là bất động sản giữa vợ với chồng; cha đẻ, mẹ đẻ với con đẻ; cha nuôi, mẹ nuôi với con nuôi; chồng cha chồng, mẹ với con dâu; cha vợ, mẹ vợ với con rể; ông nội, bà nội với 4 cháu nội; ông ngoại, bà ngoại với cháu ngoại; anh, chị, em ruột với nhau. 2. Thu nhập từ chuyển nhượng nhà ở, quyền sử dụng đất ở và tài sản gắn liền với đất ở của cá nhân trong trường hợp cá nhân chỉ có một nhà ở, đất ở duy nhất tại Việt Nam. 3. Thu nhập từ giá trị quyền sử dụng đất của cá nhân được Nhà nước giao đất. 4. Thu nhập của hộ gia đình, cá nhân trực tiếp sản xuất sản phẩm cây trồng, rừng trồng, chăn nuôi, thủy sản nuôi trồng, đánh bắt chưa qua chế biến thành các sản phẩm khác hoặc chỉ qua sơ chế thông thường; sản xuất muối; thu nhập từ lợi tức cổ phần của thành viên hợp tác xã, liên hiệp hợp tác xã nông nghiệp, cánhân lànông dân ký kết hợp đồng với doanh nghiệp tham gia “Cánh đồng lớn”, trồng rừng sản xuất, nuôi trồng thủy sản. 5. Thu nhập từ chuyển đổi đất nông nghiệp của hộ gia đình, cá nhân được Nhà nước giao để sản xuất. 6. Thu nhập từ lãi trái phiếu chính phủ, lãi trái phiếu chính quyền địa phương, lãi tiền gửi tại tổ chức tín dụng, lãi từ hợp đồng bảo hiểm nhân thọ. 7. Thu nhập từ kiều hối. 8. Tiền lương làm việc ban đêm, làm thêm giờ, tiền lương, tiền công trả cho những ngày không nghỉ phép theo quy định của pháp luật. 9. Tiền lương hưu do Quỹ bảo hiểm xã hội chỉ trả; thu nhập do quỹ bảo hiểm hưu trí bổ sung, quỹ hưu trí tự nguyện chi trả. 10. Thu nhập từ học bổng, bao gồm: a) Học bổng nhận được từ ngân sách nhà nước; b) Học bổng nhận được từ tổ chức trong nước và ngoài nước theo chương trình hỗ trợ khuyến học của tổ chức đó. 11. Thu nhập từ bồi thường hợp đồng bảo hiểm nhân thọ, phi nhân thọ, tiền"", ""không phải nộp thuế thu nhập cá nhân. Chính phủ trình Ủy ban Thường vụ Quốc hội điều chỉnh mức doanh thu không phải nộp thuế thu nhập cá nhân phù hợp với tình hình kinh tế xã hội trong từng thời kỳ. 7 2. Thuế thu nhập cá nhân đối với thu nhập từ kinh doanh của cá nhân cư trú có doanh thu năm trên mức quy định tại khoản 1 Điều này được xác định bằng thu nhập tính thuế nhân (x) với thuế suất. Trong đó: a) Thu nhập tính thuế được xác định bằng doanh thu củahàng hóa, dịch vụ bán ra trừ (-) đi chi phí liên quan đến hoạt động sản xuất, kinh doanh trong kỳ thuế; tính b) Cá nhân kinh doanh có doanh thu năm trên mức quy định tại khoản 1 Điều này đến 03 tỷ đồng: thuế suất 15%; c) Cá nhân kinh doanh có doanh thu năm trên 03 tỷ đồng đến 50 tỷ đồng: thuế suất 17%; d) Cá nhân kinh doanh có doanh thu năm trên 50 tỷ đồng: thuế suất 20%. Thu nhập từ cho thuê bất động sản quy định tại khoản 4 Điều này không áp dụng cách tính thuế quy định tại khoản này. 3. Cá nhân kinh doanh có doanh thu năm trên mức quy định tại khoản 1 Điều này đến 03 tỷ đồng được lựa chọn nộp thuế theo quy định tại điểm a và điểm b khoản 2 Điều này hoặc nộp thuế theo thuế suất nhân (x) với doanh thu tính thuế. Doanh thu tính thuế và thuế suất được xác định như sau: a) Doanh thu tính thuế được xác định bằng phần doanh thu vượt trên mức quy định tại khoản 1 Điều này; b) Phân phối, cung cấp hàng hoá: thuế suất 0,5%; c) Dịch vụ, xây dựng không bao thầu nguyên vật liệu: thuế suất 2%. Riêng hoạt động cho thuê tài sản, đại lý bảo hiểm, đại lý xổ số, đại lý bán hàng đa cấp: thuế suất 5%; d) Sản xuất, vận tải, dịch vụ có gắn với hàng hoá, xây dựng có bao thầu nguyênvật liệu: thuế suất 1,5%; đ) Hoạt động cung cấp sản phẩm và dịch vụ nội dung thông tin số về giải trí, trò chơi điện tử, phim số, ảnh số, nhạc số, quảng cáo số:"", ""CỨ TÍNH THUÉ ĐÓI VỚI CÁ NHÂN KHÔNG CƯ TRÚ Điều 20. Thuế thu nhập cá nhân đối với thu nhập từ kinh doanh 1. Thuế thu nhập cá nhân đối với thu nhập từ kinh doanh của cá nhân không cư trú được xác định bằng doanh thu từ hoạt động kinh doanh quy định tại khoản 2 Điều này nhân (x) với thuế suất quy định tại khoản 3 Điều này. 2. Doanh thu là toàn bộ tiền bán hàng, tiền gia công, tiền cung ứng dịch vụ kể cả trợgiá, phụ thu, phụ trội mà cá nhân được hưởng, không phân biệt đã thu được tiền hay chưa thu được tiền, bao gồm cả chi phí do bên mua hàng hoá, dịch vụ trả thay cho cá nhân không cư trú mà không được hoàn trả. Trường hợp thoả thuận hợp đồng không bao gồm thuế thu nhập cá nhân thì doanh thu tính thuế phải quy đổi là toàn bộ số tiền mà cá nhân không cư trú nhận được dưới bất kỳ hình thức nào từ việc cung cấp hàng hoá, dịch vụ tại Việt Nam không phụ thuộc vào địa điểm tiến hành các hoạt động kinh doanh. 3. Thuế suất: phối, a) Phân cung cấp hàng hoá: 1%; b) Dịch vụ, xây dựng không bao thầu nguyên vật liệu: 5%; c) Sản xuất, vận tải, dịch vụ có gắn với hàng hoá, xây dựng có bao thầu nguyên vật liệu: 2%; d) Hoạt động cung cấp sản phẩm và dịch vụ nội dung thông tin số về giải trí, trò chơi điện tử, phim số, ảnh số, nhạc số, quảng cáo: 5%; đ) Hoạt động kinh doanh khác: 2%. Điều 21. Thuế thu nhập cá nhân đối với thu nhập từ tiền lương, tiền công Thuế thu nhập cá nhân đối với thu nhập từ tiền lương, tiền công của cá nhân không trú được xác địnhbằng tổng số tiền lương, tiền công mà cá nhân cư --- Bổ sung dữ liệu từ Điều 9 (biểu thuế lũy tiến từng phần) --Bậc 1: Thu nhập tính thuế đến 120 triệu đồng/năm (đến 10 triệu đồng/tháng) – Thuế suất 5% Bậc 2: Thu nhập tính thuế trên 120 đến 360 triệu đồng/năm (trên 10 đến 30 triệu đồng/tháng) – Thuế suất 10% Bậc 3: Thu nhập tính thuế trên 360 đến 720 triệu đồng/năm"", ""về khoa học, công nghệ và đổi mới sáng tạo, pháp luật về sở hữu trí tuệ. 19. Thu nhập của nhà đầu tư cá nhân, chuyên gia từ dự án khởi nghiệp sáng tạo, sáng lập viên cho doanh nghiệp khởi nghiệp sáng tạo, nhà đầu tư cá nhân góp vốn vào quỹ đầu tư mạo hiểm. 20. Thu nhập từ tiền lương, tiền công của chuyên gia nước ngoài làm việc tại chương trình, dự án tài trợ bằng nguồn vốn ODA không hoàn lại, chương trình, dự án phi chính phủ nước ngoài tại Việt Nam; cá nhân là người Việt Nam làm việc tại quan đại diện của tổ chức quốc tế thuộc Hệ thống Liên hợp quốc cơ tại Việt Nam; cá nhân tham gia lực lượng gìn giữ hòa bình của Liên hợp quốc. 21. Thu nhập sau khi đã nộp thuế thu nhập doanh nghiệp của cá nhân là chủ doanh nghiệp tư nhân, cá nhân là chủ công ty trách nhiệm hữu hạn một thành viên. 22. Chính phủ quy định chi tiết Điều này. Điều 5. Các trường hợp miễn thuế, giảm thuế khác 1. Người nộp thuế gặp khó khăn do thiên tai, dịch bệnh, hoả hoạn, tai nạn, bệnh hiểm nghèo ảnh hưởng đến khả năng nộp thuế thì được giảm thuế tương ứng với mức độ thiệt hại nhưng không vượt quá số thuế phải nộp. 2. Miễn thuế thu nhập cá nhân trong thời hạn 05 năm đối với thu nhập từ tiền lương, tiền công của cá nhân là nhân lực công nghiệp công nghệ số chất lượng cao thuộc các trường hợp sau: a) Thu nhập từ dự án hoạt động công nghiệp công nghệ số trong khu công nghệ số tập trung; 6 b) Thu nhập từ dự án nghiên cứu và phát triển, sản xuất sản phẩm công nghệ sốtrọng điểm, chipbán dẫn, hệthống trí tuệnhân tạo; c) Thu nhập từ các hoạt động đào tạo nhân lực công nghiệp công nghệ số. 3. Miễn thuế thu nhập cá nhân trong thời hạn 05 năm đối với thu nhập từ tiền lương, tiền công của cá nhân là nhân lực công nghệ cao thực hiện hoạt động nghiêncứu và phát triển công nghệ hoặc công nghệ chiến lược thuộc Danh cao mục công nghệ cao được ưu tiên đầu tư phát triển hoặc"", ""05 năm đối với thu nhập từ tiền lương, tiền công của cá nhân là nhân lực công nghệ cao thực hiện hoạt động nghiêncứu và phát triển công nghệ hoặc công nghệ chiến lược thuộc Danh cao mục công nghệ cao được ưu tiên đầu tư phát triển hoặc Danh mục công nghệ chiến lược, Danh mục sản phẩm công nghệ chiến lược theo quy định của pháp luật về công nghệ cao. 4. Miễn thuế thu nhập cá nhân đối với chuyển nhượng chứng chỉ quỹ mở thành lập theo quy định của pháp luật về chứng khoán được nắm giữ từ 02 năm trở lên kể từ ngày mua. 5. Giảm 50% thuế thu nhập cá nhân đối với lợi tức của nhà đầu tư cá nhân được chia từ quỹ đầu tư chứng khoán, quỹ đầu tư bất động sản thành lập theo quy định của Luật Chứng khoán trong thời hạn do Chính phủ quy định. 6. Chính phủ quy định chi tiết Điều này. Điều 6. Quản lý thuế đối với thuế thu nhập cá nhân Căn cứ quy định của Luật này, Chính phủ quy định về kỳ tính thuế theo năm đối với thu nhập từ kinh doanh, thu nhập từ tiền lương, tiền công của cá nhân trú; kỳ tính thuế theo từng lần phát sinh đối với các khoản thu nhập cư khác của cá nhân cư trú và cá nhân không cư trú; thời điểm xác định thu nhập tính thuế; quyết toán thuế; hoàn thuế đối với trường hợp cá nhân có số thuế đã nộp lớn hơn số thuế phải nộp hoặc chưa đến mức phải nộp; trách nhiệmkhấu trừ, khai thay, nộp thay cho người nộp thuế phù hợp với quy định của Luật Quản lý thuế. Chương II CĂN CỨ TÍNH THUÉ ĐÓI VỚI CÁ NHÂN CƯ TRÚ Điều 7. Thuế thu nhập cá nhân đối với thu nhập từ kinh doanh 1. Cá nhân cư trú có hoạt động sản xuất, kinh doanh có mức doanh thu năm từ 500 triệu đồng trở xuống không phải nộp thuế thu nhập cá nhân. Chính phủ trình Ủy ban Thường vụ Quốc hội điều chỉnh mức doanh thu không phải nộp thuế thu nhập cá nhân phù hợp với tình hình kinh tế xã hội trong từng thời kỳ. 7 2. Thuế thu nhập cá nhân""]","{""question"": ""Cá nhân cư trú là người như thế nào?"", ""rag"": {""question"": ""Cá nhân cư trú là người như thế nào?"", ""answer"": ""Tôi không tìm thấy thông tin định nghĩa cá nhân cư trú trong tài liệu được cung cấp."", ""retrieved"": [{""text"": ""Đồng Việt Nam. Điều 4. Thu nhập được miễn thuế 1. Thu nhập từ chuyển nhượng, nhận thừa kế, quà tặng là bất động sản giữa vợ với chồng; cha đẻ, mẹ đẻ với con đẻ; cha nuôi, mẹ nuôi với con nuôi; chồng cha chồng, mẹ với con dâu; cha vợ, mẹ vợ với con rể; ông nội, bà nội với 4 cháu nội; ông ngoại, bà ngoại với cháu ngoại; anh, chị, em ruột với nhau. 2. Thu nhập từ chuyển nhượng nhà ở, quyền sử dụng đất ở và tài sản gắn liền với đất ở của cá nhân trong trường hợp cá nhân chỉ có một nhà ở, đất ở duy nhất tại Việt Nam. 3. Thu nhập từ giá trị quyền sử dụng đất của cá nhân được Nhà nước giao đất. 4. Thu nhập của hộ gia đình, cá nhân trực tiếp sản xuất sản phẩm cây trồng, rừng trồng, chăn nuôi, thủy sản nuôi trồng, đánh bắt chưa qua chế biến thành các sản phẩm khác hoặc chỉ qua sơ chế thông thường; sản xuất muối; thu nhập từ lợi tức cổ phần của thành viên hợp tác xã, liên hiệp hợp tác xã nông nghiệp, cánhân lànông dân ký kết hợp đồng với doanh nghiệp tham gia “Cánh đồng lớn”, trồng rừng sản xuất, nuôi trồng thủy sản. 5. Thu nhập từ chuyển đổi đất nông nghiệp của hộ gia đình, cá nhân được Nhà nước giao để sản xuất. 6. Thu nhập từ lãi trái phiếu chính phủ, lãi trái phiếu chính quyền địa phương, lãi tiền gửi tại tổ chức tín dụng, lãi từ hợp đồng bảo hiểm nhân thọ. 7. Thu nhập từ kiều hối. 8. Tiền lương làm việc ban đêm, làm thêm giờ, tiền lương, tiền công trả cho những ngày không nghỉ phép theo quy định của pháp luật. 9. Tiền lương hưu do Quỹ bảo hiểm xã hội chỉ trả; thu nhập do quỹ bảo hiểm hưu trí bổ sung, quỹ hưu trí tự nguyện chi trả. 10. Thu nhập từ học bổng, bao gồm: a) Học bổng nhận được từ ngân sách nhà nước; b) Học bổng nhận được từ tổ chức trong nước và ngoài nước theo chương trình hỗ trợ khuyến học của tổ chức đó. 11. Thu nhập từ bồi thường hợp đồng bảo hiểm nhân thọ, phi nhân thọ, tiền"", ""score"": 0.5013, ""source"": ""Luật-109-2025-QH15.pdf"", ""chunk_id"": 3, ""doc_id"": ""Luật-109-2025-QH15_3""}, {""text"": ""không phải nộp thuế thu nhập cá nhân. Chính phủ trình Ủy ban Thường vụ Quốc hội điều chỉnh mức doanh thu không phải nộp thuế thu nhập cá nhân phù hợp với tình hình kinh tế xã hội trong từng thời kỳ. 7 2. Thuế thu nhập cá nhân đối với thu nhập từ kinh doanh của cá nhân cư trú có doanh thu năm trên mức quy định tại khoản 1 Điều này được xác định bằng thu nhập tính thuế nhân (x) với thuế suất. Trong đó: a) Thu nhập tính thuế được xác định bằng doanh thu củahàng hóa, dịch vụ bán ra trừ (-) đi chi phí liên quan đến hoạt động sản xuất, kinh doanh trong kỳ thuế; tính b) Cá nhân kinh doanh có doanh thu năm trên mức quy định tại khoản 1 Điều này đến 03 tỷ đồng: thuế suất 15%; c) Cá nhân kinh doanh có doanh thu năm trên 03 tỷ đồng đến 50 tỷ đồng: thuế suất 17%; d) Cá nhân kinh doanh có doanh thu năm trên 50 tỷ đồng: thuế suất 20%. Thu nhập từ cho thuê bất động sản quy định tại khoản 4 Điều này không áp dụng cách tính thuế quy định tại khoản này. 3. Cá nhân kinh doanh có doanh thu năm trên mức quy định tại khoản 1 Điều này đến 03 tỷ đồng được lựa chọn nộp thuế theo quy định tại điểm a và điểm b khoản 2 Điều này hoặc nộp thuế theo thuế suất nhân (x) với doanh thu tính thuế. Doanh thu tính thuế và thuế suất được xác định như sau: a) Doanh thu tính thuế được xác định bằng phần doanh thu vượt trên mức quy định tại khoản 1 Điều này; b) Phân phối, cung cấp hàng hoá: thuế suất 0,5%; c) Dịch vụ, xây dựng không bao thầu nguyên vật liệu: thuế suất 2%. Riêng hoạt động cho thuê tài sản, đại lý bảo hiểm, đại lý xổ số, đại lý bán hàng đa cấp: thuế suất 5%; d) Sản xuất, vận tải, dịch vụ có gắn với hàng hoá, xây dựng có bao thầu nguyênvật liệu: thuế suất 1,5%; đ) Hoạt động cung cấp sản phẩm và dịch vụ nội dung thông tin số về giải trí, trò chơi điện tử, phim số, ảnh số, nhạc số, quảng cáo số:"", ""score"": 0.4688, ""source"": ""Luật-109-2025-QH15.pdf"", ""chunk_id"": 7, ""doc_id"": ""Luật-109-2025-QH15_7""}, {""text"": ""CỨ TÍNH THUÉ ĐÓI VỚI CÁ NHÂN KHÔNG CƯ TRÚ Điều 20. Thuế thu nhập cá nhân đối với thu nhập từ kinh doanh 1. Thuế thu nhập cá nhân đối với thu nhập từ kinh doanh của cá nhân không cư trú được xác định bằng doanh thu từ hoạt động kinh doanh quy định tại khoản 2 Điều này nhân (x) với thuế suất quy định tại khoản 3 Điều này. 2. Doanh thu là toàn bộ tiền bán hàng, tiền gia công, tiền cung ứng dịch vụ kể cả trợgiá, phụ thu, phụ trội mà cá nhân được hưởng, không phân biệt đã thu được tiền hay chưa thu được tiền, bao gồm cả chi phí do bên mua hàng hoá, dịch vụ trả thay cho cá nhân không cư trú mà không được hoàn trả. Trường hợp thoả thuận hợp đồng không bao gồm thuế thu nhập cá nhân thì doanh thu tính thuế phải quy đổi là toàn bộ số tiền mà cá nhân không cư trú nhận được dưới bất kỳ hình thức nào từ việc cung cấp hàng hoá, dịch vụ tại Việt Nam không phụ thuộc vào địa điểm tiến hành các hoạt động kinh doanh. 3. Thuế suất: phối, a) Phân cung cấp hàng hoá: 1%; b) Dịch vụ, xây dựng không bao thầu nguyên vật liệu: 5%; c) Sản xuất, vận tải, dịch vụ có gắn với hàng hoá, xây dựng có bao thầu nguyên vật liệu: 2%; d) Hoạt động cung cấp sản phẩm và dịch vụ nội dung thông tin số về giải trí, trò chơi điện tử, phim số, ảnh số, nhạc số, quảng cáo: 5%; đ) Hoạt động kinh doanh khác: 2%. Điều 21. Thuế thu nhập cá nhân đối với thu nhập từ tiền lương, tiền công Thuế thu nhập cá nhân đối với thu nhập từ tiền lương, tiền công của cá nhân không trú được xác địnhbằng tổng số tiền lương, tiền công mà cá nhân cư --- Bổ sung dữ liệu từ Điều 9 (biểu thuế lũy tiến từng phần) --Bậc 1: Thu nhập tính thuế đến 120 triệu đồng/năm (đến 10 triệu đồng/tháng) – Thuế suất 5% Bậc 2: Thu nhập tính thuế trên 120 đến 360 triệu đồng/năm (trên 10 đến 30 triệu đồng/tháng) – Thuế suất 10% Bậc 3: Thu nhập tính thuế trên 360 đến 720 triệu đồng/năm"", ""score"": 0.4655, ""source"": ""Luật-109-2025-QH15.pdf"", ""chunk_id"": 14, ""doc_id"": ""Luật-109-2025-QH15_14""}, {""text"": ""về khoa học, công nghệ và đổi mới sáng tạo, pháp luật về sở hữu trí tuệ. 19. Thu nhập của nhà đầu tư cá nhân, chuyên gia từ dự án khởi nghiệp sáng tạo, sáng lập viên cho doanh nghiệp khởi nghiệp sáng tạo, nhà đầu tư cá nhân góp vốn vào quỹ đầu tư mạo hiểm. 20. Thu nhập từ tiền lương, tiền công của chuyên gia nước ngoài làm việc tại chương trình, dự án tài trợ bằng nguồn vốn ODA không hoàn lại, chương trình, dự án phi chính phủ nước ngoài tại Việt Nam; cá nhân là người Việt Nam làm việc tại quan đại diện của tổ chức quốc tế thuộc Hệ thống Liên hợp quốc cơ tại Việt Nam; cá nhân tham gia lực lượng gìn giữ hòa bình của Liên hợp quốc. 21. Thu nhập sau khi đã nộp thuế thu nhập doanh nghiệp của cá nhân là chủ doanh nghiệp tư nhân, cá nhân là chủ công ty trách nhiệm hữu hạn một thành viên. 22. Chính phủ quy định chi tiết Điều này. Điều 5. Các trường hợp miễn thuế, giảm thuế khác 1. Người nộp thuế gặp khó khăn do thiên tai, dịch bệnh, hoả hoạn, tai nạn, bệnh hiểm nghèo ảnh hưởng đến khả năng nộp thuế thì được giảm thuế tương ứng với mức độ thiệt hại nhưng không vượt quá số thuế phải nộp. 2. Miễn thuế thu nhập cá nhân trong thời hạn 05 năm đối với thu nhập từ tiền lương, tiền công của cá nhân là nhân lực công nghiệp công nghệ số chất lượng cao thuộc các trường hợp sau: a) Thu nhập từ dự án hoạt động công nghiệp công nghệ số trong khu công nghệ số tập trung; 6 b) Thu nhập từ dự án nghiên cứu và phát triển, sản xuất sản phẩm công nghệ sốtrọng điểm, chipbán dẫn, hệthống trí tuệnhân tạo; c) Thu nhập từ các hoạt động đào tạo nhân lực công nghiệp công nghệ số. 3. Miễn thuế thu nhập cá nhân trong thời hạn 05 năm đối với thu nhập từ tiền lương, tiền công của cá nhân là nhân lực công nghệ cao thực hiện hoạt động nghiêncứu và phát triển công nghệ hoặc công nghệ chiến lược thuộc Danh cao mục công nghệ cao được ưu tiên đầu tư phát triển hoặc"", ""score"": 0.456, ""source"": ""Luật-109-2025-QH15.pdf"", ""chunk_id"": 5, ""doc_id"": ""Luật-109-2025-QH15_5""}, {""text"": ""05 năm đối với thu nhập từ tiền lương, tiền công của cá nhân là nhân lực công nghệ cao thực hiện hoạt động nghiêncứu và phát triển công nghệ hoặc công nghệ chiến lược thuộc Danh cao mục công nghệ cao được ưu tiên đầu tư phát triển hoặc Danh mục công nghệ chiến lược, Danh mục sản phẩm công nghệ chiến lược theo quy định của pháp luật về công nghệ cao. 4. Miễn thuế thu nhập cá nhân đối với chuyển nhượng chứng chỉ quỹ mở thành lập theo quy định của pháp luật về chứng khoán được nắm giữ từ 02 năm trở lên kể từ ngày mua. 5. Giảm 50% thuế thu nhập cá nhân đối với lợi tức của nhà đầu tư cá nhân được chia từ quỹ đầu tư chứng khoán, quỹ đầu tư bất động sản thành lập theo quy định của Luật Chứng khoán trong thời hạn do Chính phủ quy định. 6. Chính phủ quy định chi tiết Điều này. Điều 6. Quản lý thuế đối với thuế thu nhập cá nhân Căn cứ quy định của Luật này, Chính phủ quy định về kỳ tính thuế theo năm đối với thu nhập từ kinh doanh, thu nhập từ tiền lương, tiền công của cá nhân trú; kỳ tính thuế theo từng lần phát sinh đối với các khoản thu nhập cư khác của cá nhân cư trú và cá nhân không cư trú; thời điểm xác định thu nhập tính thuế; quyết toán thuế; hoàn thuế đối với trường hợp cá nhân có số thuế đã nộp lớn hơn số thuế phải nộp hoặc chưa đến mức phải nộp; trách nhiệmkhấu trừ, khai thay, nộp thay cho người nộp thuế phù hợp với quy định của Luật Quản lý thuế. Chương II CĂN CỨ TÍNH THUÉ ĐÓI VỚI CÁ NHÂN CƯ TRÚ Điều 7. Thuế thu nhập cá nhân đối với thu nhập từ kinh doanh 1. Cá nhân cư trú có hoạt động sản xuất, kinh doanh có mức doanh thu năm từ 500 triệu đồng trở xuống không phải nộp thuế thu nhập cá nhân. Chính phủ trình Ủy ban Thường vụ Quốc hội điều chỉnh mức doanh thu không phải nộp thuế thu nhập cá nhân phù hợp với tình hình kinh tế xã hội trong từng thời kỳ. 7 2. Thuế thu nhập cá nhân"", ""score"": 0.4519, ""source"": ""Luật-109-2025-QH15.pdf"", ""chunk_id"": 6, ""doc_id"": ""Luật-109-2025-QH15_6""}], ""mode"": ""rag""}, ""no_rag"": {""question"": ""Cá nhân cư trú là người như thế nào?"", ""answer"": ""Trong pháp luật thuế thu nhập cá nhân của Việt Nam, **cá nhân cư trú** là một khái niệm quan trọng để xác định nghĩa vụ thuế. Cá nhân cư trú là người đáp ứng một trong các điều kiện sau đây:\n\n1.  **Có mặt tại Việt Nam từ 183 ngày trở lên trong một năm dương lịch hoặc trong 12 tháng liên tục kể từ ngày đầu tiên có mặt tại Việt Nam.**\n    *   **Giải thích:**\n        *   \""183 ngày trở lên\"": Đây là số ngày tối thiểu. Ngày đến và ngày đi được tính là một ngày có mặt.\n        *   \""Trong một năm dương lịch\"": Tính từ ngày 01 tháng 01 đến ngày 31 tháng 12 của cùng năm đó.\n        *   \""Trong 12 tháng liên tục kể từ ngày đầu tiên có mặt\"": Điều này áp dụng cho những trường hợp cá nhân không có mặt đủ 183 ngày trong một năm dương lịch cố định nhưng lại có mặt đủ 183 ngày trong một chu kỳ 12 tháng liên tục bắt đầu từ ngày đầu tiên họ đặt chân đến Việt Nam (không cần trùng với năm dương lịch). Ví dụ, từ 15/5/2023 đến 14/5/2024.\n        *   Việc có mặt tại Việt Nam không nhất thiết phải liên tục, mà là tổng số ngày có mặt.\n\n2.  **Có nơi ở thường xuyên tại Việt Nam.**\n    *   **Giải thích:**\n        *   **Đối với công dân Việt Nam:** Là có nơi đăng ký thường trú (theo quy định của pháp luật về cư trú) hoặc có nhà thuê để ở tại Việt Nam theo hợp đồng thuê có thời hạn.\n        *   **Đối với người nước ngoài:** Là có thẻ thường trú hoặc thẻ tạm trú do cơ quan có thẩm quyền của Việt Nam cấp, hoặc có nhà thuê để ở tại Việt Nam theo hợp đồng thuê có thời hạn.\n            *   Đối với trường hợp thuê nhà, hợp đồng thuê nhà phải có thời hạn từ 90 ngày trở lên trong năm tính thuế.\n            *   Nơi ở thường xuyên bao gồm nhà thuộc sở hữu của cá nhân, nhà thuê, nhà ở khác thuộc quyền sử dụng của cá nhân tại Việt Nam.\n\n**Tóm lại:**\nCá nhân cư trú là người có gắn bó đáng kể với Việt Nam, thông qua thời gian hiện diện vật lý hoặc thông qua việc có một nơi ở ổn định tại Việt Nam.\n\n**Ý nghĩa của việc xác định cá nhân cư trú:**\n*   **Cá nhân cư trú** phải nộp thuế thu nhập cá nhân đối với thu nhập phát sinh **trong và ngoài lãnh thổ Việt Nam**, không phân biệt nơi trả thu nhập. Tức là họ chịu thuế trên thu nhập toàn cầu.\n*   **Cá nhân không cư trú** (người không đáp ứng các điều kiện trên) chỉ phải nộp thuế thu nhập cá nhân đối với thu nhập phát sinh **tại Việt Nam**.\n\nQuy định này được hướng dẫn chi tiết tại **Thông tư số 111/2013/TT-BTC** của Bộ Tài chính."", ""retrieved"": [], ""mode"": ""no_rag""}}",
Mức doanh thu năm bao nhiêu thì cá nhân kinh doanh không phải nộp thuế thu nhập cá nhân?,"Cá nhân cư trú có hoạt động sản xuất, kinh doanh có mức doanh thu năm từ 500 triệu đồng trở xuống không phải nộp thuế thu nhập cá nhân.",Tôi không tìm thấy thông tin này trong tài liệu. Tài liệu chỉ nêu rằng Chính phủ sẽ trình Ủy ban Thường vụ Quốc hội điều chỉnh mức doanh thu không phải nộp thuế thu nhập cá nhân phù hợp với tình hình kinh tế xã hội trong từng thời kỳ (Đoạn 1 – Nguồn: Luật-109-2025-QH15.pdf).,"Chào bạn,

Theo quy định hiện hành của pháp luật Việt Nam, mức doanh thu năm mà cá nhân kinh doanh không phải nộp thuế thu nhập cá nhân (TNCN) là **100 triệu đồng**.

Cụ thể, căn cứ theo Điều 4, Thông tư số 40/2021/TT-BTC của Bộ Tài chính (có hiệu lực từ ngày 01/8/2021), cá nhân kinh doanh có doanh thu từ hoạt động sản xuất, kinh doanh trong năm dương lịch từ 100 triệu đồng trở xuống thì không thuộc đối tượng phải nộp thuế giá trị gia tăng (GTGT) và thuế thu nhập cá nhân (TNCN).

**Một số điểm cần lưu ý:**

1.  **Ngưỡng doanh thu 100 triệu đồng:** Áp dụng cho cả năm dương lịch.
2.  **Miễn cả 2 loại thuế:** Nếu doanh thu dưới 100 triệu đồng/năm, cá nhân kinh doanh sẽ được miễn cả thuế GTGT và thuế TNCN.
3.  **Tổng doanh thu từ tất cả hoạt động:** Nếu một cá nhân có nhiều hoạt động kinh doanh (ví dụ: vừa bán hàng hóa, vừa cung cấp dịch vụ, vừa cho thuê tài sản...), thì tổng doanh thu từ tất cả các hoạt động kinh doanh đó trong năm sẽ được cộng gộp lại để xác định có vượt ngưỡng 100 triệu đồng hay không.

**Ví dụ:** Một cá nhân trong năm có doanh thu từ bán hàng là 60 triệu đồng và doanh thu từ cho thuê nhà là 30 triệu đồng. Tổng doanh thu là 90 triệu đồng, dưới ngưỡng 100 triệu đồng, nên cá nhân này không phải nộp thuế GTGT và thuế TNCN cho cả hai hoạt động.

Để có thông tin chính xác nhất cho trường hợp cụ thể của mình, bạn nên tham khảo ý kiến của cơ quan thuế hoặc chuyên gia tư vấn thuế.","[""không phải nộp thuế thu nhập cá nhân. Chính phủ trình Ủy ban Thường vụ Quốc hội điều chỉnh mức doanh thu không phải nộp thuế thu nhập cá nhân phù hợp với tình hình kinh tế xã hội trong từng thời kỳ. 7 2. Thuế thu nhập cá nhân đối với thu nhập từ kinh doanh của cá nhân cư trú có doanh thu năm trên mức quy định tại khoản 1 Điều này được xác định bằng thu nhập tính thuế nhân (x) với thuế suất. Trong đó: a) Thu nhập tính thuế được xác định bằng doanh thu củahàng hóa, dịch vụ bán ra trừ (-) đi chi phí liên quan đến hoạt động sản xuất, kinh doanh trong kỳ thuế; tính b) Cá nhân kinh doanh có doanh thu năm trên mức quy định tại khoản 1 Điều này đến 03 tỷ đồng: thuế suất 15%; c) Cá nhân kinh doanh có doanh thu năm trên 03 tỷ đồng đến 50 tỷ đồng: thuế suất 17%; d) Cá nhân kinh doanh có doanh thu năm trên 50 tỷ đồng: thuế suất 20%. Thu nhập từ cho thuê bất động sản quy định tại khoản 4 Điều này không áp dụng cách tính thuế quy định tại khoản này. 3. Cá nhân kinh doanh có doanh thu năm trên mức quy định tại khoản 1 Điều này đến 03 tỷ đồng được lựa chọn nộp thuế theo quy định tại điểm a và điểm b khoản 2 Điều này hoặc nộp thuế theo thuế suất nhân (x) với doanh thu tính thuế. Doanh thu tính thuế và thuế suất được xác định như sau: a) Doanh thu tính thuế được xác định bằng phần doanh thu vượt trên mức quy định tại khoản 1 Điều này; b) Phân phối, cung cấp hàng hoá: thuế suất 0,5%; c) Dịch vụ, xây dựng không bao thầu nguyên vật liệu: thuế suất 2%. Riêng hoạt động cho thuê tài sản, đại lý bảo hiểm, đại lý xổ số, đại lý bán hàng đa cấp: thuế suất 5%; d) Sản xuất, vận tải, dịch vụ có gắn với hàng hoá, xây dựng có bao thầu nguyênvật liệu: thuế suất 1,5%; đ) Hoạt động cung cấp sản phẩm và dịch vụ nội dung thông tin số về giải trí, trò chơi điện tử, phim số, ảnh số, nhạc số, quảng cáo số:"", ""CỨ TÍNH THUÉ ĐÓI VỚI CÁ NHÂN KHÔNG CƯ TRÚ Điều 20. Thuế thu nhập cá nhân đối với thu nhập từ kinh doanh 1. Thuế thu nhập cá nhân đối với thu nhập từ kinh doanh của cá nhân không cư trú được xác định bằng doanh thu từ hoạt động kinh doanh quy định tại khoản 2 Điều này nhân (x) với thuế suất quy định tại khoản 3 Điều này. 2. Doanh thu là toàn bộ tiền bán hàng, tiền gia công, tiền cung ứng dịch vụ kể cả trợgiá, phụ thu, phụ trội mà cá nhân được hưởng, không phân biệt đã thu được tiền hay chưa thu được tiền, bao gồm cả chi phí do bên mua hàng hoá, dịch vụ trả thay cho cá nhân không cư trú mà không được hoàn trả. Trường hợp thoả thuận hợp đồng không bao gồm thuế thu nhập cá nhân thì doanh thu tính thuế phải quy đổi là toàn bộ số tiền mà cá nhân không cư trú nhận được dưới bất kỳ hình thức nào từ việc cung cấp hàng hoá, dịch vụ tại Việt Nam không phụ thuộc vào địa điểm tiến hành các hoạt động kinh doanh. 3. Thuế suất: phối, a) Phân cung cấp hàng hoá: 1%; b) Dịch vụ, xây dựng không bao thầu nguyên vật liệu: 5%; c) Sản xuất, vận tải, dịch vụ có gắn với hàng hoá, xây dựng có bao thầu nguyên vật liệu: 2%; d) Hoạt động cung cấp sản phẩm và dịch vụ nội dung thông tin số về giải trí, trò chơi điện tử, phim số, ảnh số, nhạc số, quảng cáo: 5%; đ) Hoạt động kinh doanh khác: 2%. Điều 21. Thuế thu nhập cá nhân đối với thu nhập từ tiền lương, tiền công Thuế thu nhập cá nhân đối với thu nhập từ tiền lương, tiền công của cá nhân không trú được xác địnhbằng tổng số tiền lương, tiền công mà cá nhân cư --- Bổ sung dữ liệu từ Điều 9 (biểu thuế lũy tiến từng phần) --Bậc 1: Thu nhập tính thuế đến 120 triệu đồng/năm (đến 10 triệu đồng/tháng) – Thuế suất 5% Bậc 2: Thu nhập tính thuế trên 120 đến 360 triệu đồng/năm (trên 10 đến 30 triệu đồng/tháng) – Thuế suất 10% Bậc 3: Thu nhập tính thuế trên 360 đến 720 triệu đồng/năm"", ""về quản lý thuế. Chương II CĂN CỨ VÀ PHƯƠNG PHÁP TÍNH THUẾ Điều 6. Căn cứ tính thuế Căn cứ tính thuế là thu nhập tính thuế và thuế suất. Điều 7. Xác định thu nhập tính thuế 1. Thu nhập tính thuế trong kỳ tính thuế được xác định như sau: 2. Thu nhập chịu thuế quy định tại khoản 1 Điều này được xác định như sau: 3. Doanh nghiệp có nhiều hoạt động sản xuất, kinh doanh trong kỳ tính thuế thì thu nhập chịu thuế từ hoạt động sản xuất, kinh doanh là tổng thu nhập của tất cả các hoạt động sản xuất, kinh doanh. Trường hợp có hoạt động sản xuất, kinh doanh bị lỗ thì được bù trừ số lỗ vào thu nhập chịu thuế của các hoạt động sản xuất, kinh doanh có thu nhập do doanh nghiệp tự lựa chọn (trừ thu nhập từ hoạt động chuyển nhượng bất động sản, chuyển nhượng dự án đầu tư, chuyển nhượng quyền tham gia dự án đầu tư không bù trừ với thu nhập của hoạt động sản xuất, kinh doanh đang được hưởng ưu đãi thuế). Phần thu nhập còn lại sau khi bù trừ áp dụng mức thuế suất thuế thu nhập doanh nghiệp của hoạt động sản xuất, kinh doanh còn thu nhập. 4. Thu nhập chịu thuế từ hoạt động chuyển nhượng dự án đầu tư thăm dò, khai thác, chế biến khoáng sản; chuyển nhượng quyền tham gia dự án đầu tư thăm dò, khai thác, chế biến khoáng sản; chuyển nhượng quyền thăm dò, khai thác, chế biến khoáng sản phải xác định riêng để kê khai nộp thuế, không được bù trừ lỗ, lãi với hoạt động sản xuất, kinh doanh trong kỳ tính thuế. Điều 8. Doanh thu 1. Doanh thu để tính thu nhập chịu thuế là toàn bộ tiền bán hàng, tiền gia công, tiền cung ứng dịch vụ kể cả trợ giá, phụ thu, phụ trội mà doanh nghiệp được hưởng, không phân biệt đã thu được tiền hay chưa thu được tiền. 2. Chính phủ quy định chi tiết Điều này. Điều 9. Các khoản chi được trừ và không được trừ khi xác định thu nhập chịu thuế 1. Trừ các khoản chi quy định tại khoản 2 Điều này, doanh nghiệp được trừ các khoản chi khi xác"", ""chịu thuế phát sinh tại Việt Nam của doanh nghiệp nước ngoài quy định tại điểm c, điểm d khoản 2 Điều 2 của Luật này là thu nhập nhận được có nguồn gốc từ Việt Nam, không phụ thuộc vào địa điểm tiến hành kinh doanh. 4. Doanh nghiệp Việt Nam đầu tư ở nước ngoài có phát sinh thu nhập từ hoạt động sản xuất, kinh doanh tại nước ngoài trong kỳ tính thuế được trừ số thuế thu nhập doanh nghiệp phải nộp theo quy định của nước tiếp nhận đầu tư vào số thuế thu nhập doanh nghiệp phải nộp ở Việt Nam, nhưng không được vượt quá số thuế thu nhập doanh nghiệp tính theo quy định của pháp luật về thuế thu nhập doanh nghiệp của Việt Nam. 5. Doanh nghiệp phải nộp thuế thu nhập doanh nghiệp bổ sung về tổng hợp thu nhập chịu thuế tối thiểu (IIR) theo quy định của pháp luật thì thuế thu nhập doanh nghiệp bổ sung phải nộp được trừ vào số thuế thu nhập doanh nghiệp phải nộp tại Việt Nam theo quy định của Luật này. 6. Chính phủ quy định chi tiết Điều này. Điều 4. Thu nhập được miễn thuế 1. Thu nhập từ hoạt động đánh bắt hải sản; thu nhập của doanh nghiệp từ sản xuất sản phẩm cây trồng, rừng trồng, chăn nuôi, thủy sản nuôi trồng, chế biến nông sản, thủy sản (kể cả trường hợp mua sản phẩm nông sản, thủy sản về chế biến) ở địa bàn có điều kiện kinh tế - xã hội đặc biệt khó khăn; thu nhập của hợp tác xã, liên hiệp hợp tác xã từ sản xuất sản phẩm cây trồng, rừng trồng, chăn nuôi, thủy sản nuôi trồng, chế biến nông sản, thủy sản (kể cả trường hợp mua sản phẩm nông sản, thủy sản về chế biến), sản xuất muối. 2. Thu nhập của hợp tác xã, liên hiệp hợp tác xã hoạt động trong lĩnh vực nông nghiệp, lâm nghiệp, ngư nghiệp, diêm nghiệp ở địa bàn có điều kiện kinh tế - xã hội khó khăn hoặc ở địa bàn có điều kiện kinh tế - xã hội đặc biệt khó khăn. 3. Thu nhập từ việc thực hiện dịch vụ kỹ thuật trực tiếp phục vụ nông nghiệp. 4. Thu nhập từ việc thực hiện"", ""5%. 10 2. Thu nhập tính thuế từ đầu tư vốn là tổng số các khoản thu nhập chịu thuế từ đầu tư vốn quy định tại khoản 3 Điều 3 của Luật này mà người nộp thuế nhận được theo từnglần phát sinh. 3. Thời điểm xác định thu nhập tính thuế từ đầu tư vốn là thời điểm tổ chức, cá nhân trả thu nhập cho người nộp thuế hoặc thời điểm người nộp thuế nhận được thu nhập. 4. Chính phủ quy định chi tiết Điều này. Điều 13. Thuế thu nhập cá nhân đối với thu nhập từ chuyển nhượng vốn 1. Thuế thu nhập cá nhân đối với thu nhập từ chuyển nhượng vốn của cá nhân cư trú được xác định bằng thu nhập tính thuế nhân (x) với thuế suất 20% theo từng lần chuyển nhượng. Trong đó, thu nhập tính thuế từ chuyển nhượng vốn được xác định bằng giá chuyển nhượng trừ (-) đi giá mua và các khoản chi phí hợp lý liên quan đến việc tạo ra thu nhập từ chuyển nhượng vốn. Trường hợp không xác định giá mua và các chi phí liên quan đến việc chuyển nhượng vốn thì thuế thu nhập cá nhân được xác định bằng giá chuyển nhượng nhân (x) với thuế suất2%. 2. Thuế thu nhập cá nhân đối với thu nhập từ chuyển nhượng chứng khoán được xác định bằng giá chuyển nhượng nhân (x) với thuế suất 0,1% theo từng lần chuyển nhượng. 3. Thời điểm xác định thu nhập tính thuế từ chuyển nhượng vốn là thời điểm giao dịch hoàn thành theo quy định của pháp luật. 4. Chính phủ quy định chi tiết Điều này. Điều 14. Thuế thu nhập cá nhân đối với thu nhập từ chuyển nhượng bất động sản 1. Thuế thu nhập cá nhân đối với thu nhập từ chuyển nhượng bất động sản của cánhân trú đượcxác định bằng giá chuyểnnhượngnhân (x) với thuế suất2%. cư 2. Thời điểm xác định thu nhập tính thuế từ chuyển nhượng bất động sản là thời điểm hợp đồng chuyển nhượng có hiệu lực theo quy định của pháp luật hoặc thời điểm đăng ký quyền sử dụng, quyền sở hữu bất động sản. 3. Chính phủ quy định chi tiết Điều này. Điều 15. Thuế thu nhập cá nhân đối với thu nhập từ""]","{""question"": ""Mức doanh thu năm bao nhiêu thì cá nhân kinh doanh không phải nộp thuế thu nhập cá nhân?"", ""rag"": {""question"": ""Mức doanh thu năm bao nhiêu thì cá nhân kinh doanh không phải nộp thuế thu nhập cá nhân?"", ""answer"": ""Tôi không tìm thấy thông tin này trong tài liệu. Tài liệu chỉ nêu rằng Chính phủ sẽ trình Ủy ban Thường vụ Quốc hội điều chỉnh mức doanh thu không phải nộp thuế thu nhập cá nhân phù hợp với tình hình kinh tế xã hội trong từng thời kỳ (Đoạn 1 – Nguồn: Luật-109-2025-QH15.pdf)."", ""retrieved"": [{""text"": ""không phải nộp thuế thu nhập cá nhân. Chính phủ trình Ủy ban Thường vụ Quốc hội điều chỉnh mức doanh thu không phải nộp thuế thu nhập cá nhân phù hợp với tình hình kinh tế xã hội trong từng thời kỳ. 7 2. Thuế thu nhập cá nhân đối với thu nhập từ kinh doanh của cá nhân cư trú có doanh thu năm trên mức quy định tại khoản 1 Điều này được xác định bằng thu nhập tính thuế nhân (x) với thuế suất. Trong đó: a) Thu nhập tính thuế được xác định bằng doanh thu củahàng hóa, dịch vụ bán ra trừ (-) đi chi phí liên quan đến hoạt động sản xuất, kinh doanh trong kỳ thuế; tính b) Cá nhân kinh doanh có doanh thu năm trên mức quy định tại khoản 1 Điều này đến 03 tỷ đồng: thuế suất 15%; c) Cá nhân kinh doanh có doanh thu năm trên 03 tỷ đồng đến 50 tỷ đồng: thuế suất 17%; d) Cá nhân kinh doanh có doanh thu năm trên 50 tỷ đồng: thuế suất 20%. Thu nhập từ cho thuê bất động sản quy định tại khoản 4 Điều này không áp dụng cách tính thuế quy định tại khoản này. 3. Cá nhân kinh doanh có doanh thu năm trên mức quy định tại khoản 1 Điều này đến 03 tỷ đồng được lựa chọn nộp thuế theo quy định tại điểm a và điểm b khoản 2 Điều này hoặc nộp thuế theo thuế suất nhân (x) với doanh thu tính thuế. Doanh thu tính thuế và thuế suất được xác định như sau: a) Doanh thu tính thuế được xác định bằng phần doanh thu vượt trên mức quy định tại khoản 1 Điều này; b) Phân phối, cung cấp hàng hoá: thuế suất 0,5%; c) Dịch vụ, xây dựng không bao thầu nguyên vật liệu: thuế suất 2%. Riêng hoạt động cho thuê tài sản, đại lý bảo hiểm, đại lý xổ số, đại lý bán hàng đa cấp: thuế suất 5%; d) Sản xuất, vận tải, dịch vụ có gắn với hàng hoá, xây dựng có bao thầu nguyênvật liệu: thuế suất 1,5%; đ) Hoạt động cung cấp sản phẩm và dịch vụ nội dung thông tin số về giải trí, trò chơi điện tử, phim số, ảnh số, nhạc số, quảng cáo số:"", ""score"": 0.7913, ""source"": ""Luật-109-2025-QH15.pdf"", ""chunk_id"": 7, ""doc_id"": ""Luật-109-2025-QH15_7""}, {""text"": ""CỨ TÍNH THUÉ ĐÓI VỚI CÁ NHÂN KHÔNG CƯ TRÚ Điều 20. Thuế thu nhập cá nhân đối với thu nhập từ kinh doanh 1. Thuế thu nhập cá nhân đối với thu nhập từ kinh doanh của cá nhân không cư trú được xác định bằng doanh thu từ hoạt động kinh doanh quy định tại khoản 2 Điều này nhân (x) với thuế suất quy định tại khoản 3 Điều này. 2. Doanh thu là toàn bộ tiền bán hàng, tiền gia công, tiền cung ứng dịch vụ kể cả trợgiá, phụ thu, phụ trội mà cá nhân được hưởng, không phân biệt đã thu được tiền hay chưa thu được tiền, bao gồm cả chi phí do bên mua hàng hoá, dịch vụ trả thay cho cá nhân không cư trú mà không được hoàn trả. Trường hợp thoả thuận hợp đồng không bao gồm thuế thu nhập cá nhân thì doanh thu tính thuế phải quy đổi là toàn bộ số tiền mà cá nhân không cư trú nhận được dưới bất kỳ hình thức nào từ việc cung cấp hàng hoá, dịch vụ tại Việt Nam không phụ thuộc vào địa điểm tiến hành các hoạt động kinh doanh. 3. Thuế suất: phối, a) Phân cung cấp hàng hoá: 1%; b) Dịch vụ, xây dựng không bao thầu nguyên vật liệu: 5%; c) Sản xuất, vận tải, dịch vụ có gắn với hàng hoá, xây dựng có bao thầu nguyên vật liệu: 2%; d) Hoạt động cung cấp sản phẩm và dịch vụ nội dung thông tin số về giải trí, trò chơi điện tử, phim số, ảnh số, nhạc số, quảng cáo: 5%; đ) Hoạt động kinh doanh khác: 2%. Điều 21. Thuế thu nhập cá nhân đối với thu nhập từ tiền lương, tiền công Thuế thu nhập cá nhân đối với thu nhập từ tiền lương, tiền công của cá nhân không trú được xác địnhbằng tổng số tiền lương, tiền công mà cá nhân cư --- Bổ sung dữ liệu từ Điều 9 (biểu thuế lũy tiến từng phần) --Bậc 1: Thu nhập tính thuế đến 120 triệu đồng/năm (đến 10 triệu đồng/tháng) – Thuế suất 5% Bậc 2: Thu nhập tính thuế trên 120 đến 360 triệu đồng/năm (trên 10 đến 30 triệu đồng/tháng) – Thuế suất 10% Bậc 3: Thu nhập tính thuế trên 360 đến 720 triệu đồng/năm"", ""score"": 0.6983, ""source"": ""Luật-109-2025-QH15.pdf"", ""chunk_id"": 14, ""doc_id"": ""Luật-109-2025-QH15_14""}, {""text"": ""về quản lý thuế. Chương II CĂN CỨ VÀ PHƯƠNG PHÁP TÍNH THUẾ Điều 6. Căn cứ tính thuế Căn cứ tính thuế là thu nhập tính thuế và thuế suất. Điều 7. Xác định thu nhập tính thuế 1. Thu nhập tính thuế trong kỳ tính thuế được xác định như sau: 2. Thu nhập chịu thuế quy định tại khoản 1 Điều này được xác định như sau: 3. Doanh nghiệp có nhiều hoạt động sản xuất, kinh doanh trong kỳ tính thuế thì thu nhập chịu thuế từ hoạt động sản xuất, kinh doanh là tổng thu nhập của tất cả các hoạt động sản xuất, kinh doanh. Trường hợp có hoạt động sản xuất, kinh doanh bị lỗ thì được bù trừ số lỗ vào thu nhập chịu thuế của các hoạt động sản xuất, kinh doanh có thu nhập do doanh nghiệp tự lựa chọn (trừ thu nhập từ hoạt động chuyển nhượng bất động sản, chuyển nhượng dự án đầu tư, chuyển nhượng quyền tham gia dự án đầu tư không bù trừ với thu nhập của hoạt động sản xuất, kinh doanh đang được hưởng ưu đãi thuế). Phần thu nhập còn lại sau khi bù trừ áp dụng mức thuế suất thuế thu nhập doanh nghiệp của hoạt động sản xuất, kinh doanh còn thu nhập. 4. Thu nhập chịu thuế từ hoạt động chuyển nhượng dự án đầu tư thăm dò, khai thác, chế biến khoáng sản; chuyển nhượng quyền tham gia dự án đầu tư thăm dò, khai thác, chế biến khoáng sản; chuyển nhượng quyền thăm dò, khai thác, chế biến khoáng sản phải xác định riêng để kê khai nộp thuế, không được bù trừ lỗ, lãi với hoạt động sản xuất, kinh doanh trong kỳ tính thuế. Điều 8. Doanh thu 1. Doanh thu để tính thu nhập chịu thuế là toàn bộ tiền bán hàng, tiền gia công, tiền cung ứng dịch vụ kể cả trợ giá, phụ thu, phụ trội mà doanh nghiệp được hưởng, không phân biệt đã thu được tiền hay chưa thu được tiền. 2. Chính phủ quy định chi tiết Điều này. Điều 9. Các khoản chi được trừ và không được trừ khi xác định thu nhập chịu thuế 1. Trừ các khoản chi quy định tại khoản 2 Điều này, doanh nghiệp được trừ các khoản chi khi xác"", ""score"": 0.621, ""source"": ""luat-67-2025-qh15_1809150248.docx"", ""chunk_id"": 7, ""doc_id"": ""luat-67-2025-qh15_1809150248_7""}, {""text"": ""chịu thuế phát sinh tại Việt Nam của doanh nghiệp nước ngoài quy định tại điểm c, điểm d khoản 2 Điều 2 của Luật này là thu nhập nhận được có nguồn gốc từ Việt Nam, không phụ thuộc vào địa điểm tiến hành kinh doanh. 4. Doanh nghiệp Việt Nam đầu tư ở nước ngoài có phát sinh thu nhập từ hoạt động sản xuất, kinh doanh tại nước ngoài trong kỳ tính thuế được trừ số thuế thu nhập doanh nghiệp phải nộp theo quy định của nước tiếp nhận đầu tư vào số thuế thu nhập doanh nghiệp phải nộp ở Việt Nam, nhưng không được vượt quá số thuế thu nhập doanh nghiệp tính theo quy định của pháp luật về thuế thu nhập doanh nghiệp của Việt Nam. 5. Doanh nghiệp phải nộp thuế thu nhập doanh nghiệp bổ sung về tổng hợp thu nhập chịu thuế tối thiểu (IIR) theo quy định của pháp luật thì thuế thu nhập doanh nghiệp bổ sung phải nộp được trừ vào số thuế thu nhập doanh nghiệp phải nộp tại Việt Nam theo quy định của Luật này. 6. Chính phủ quy định chi tiết Điều này. Điều 4. Thu nhập được miễn thuế 1. Thu nhập từ hoạt động đánh bắt hải sản; thu nhập của doanh nghiệp từ sản xuất sản phẩm cây trồng, rừng trồng, chăn nuôi, thủy sản nuôi trồng, chế biến nông sản, thủy sản (kể cả trường hợp mua sản phẩm nông sản, thủy sản về chế biến) ở địa bàn có điều kiện kinh tế - xã hội đặc biệt khó khăn; thu nhập của hợp tác xã, liên hiệp hợp tác xã từ sản xuất sản phẩm cây trồng, rừng trồng, chăn nuôi, thủy sản nuôi trồng, chế biến nông sản, thủy sản (kể cả trường hợp mua sản phẩm nông sản, thủy sản về chế biến), sản xuất muối. 2. Thu nhập của hợp tác xã, liên hiệp hợp tác xã hoạt động trong lĩnh vực nông nghiệp, lâm nghiệp, ngư nghiệp, diêm nghiệp ở địa bàn có điều kiện kinh tế - xã hội khó khăn hoặc ở địa bàn có điều kiện kinh tế - xã hội đặc biệt khó khăn. 3. Thu nhập từ việc thực hiện dịch vụ kỹ thuật trực tiếp phục vụ nông nghiệp. 4. Thu nhập từ việc thực hiện"", ""score"": 0.6209, ""source"": ""luat-67-2025-qh15_1809150248.docx"", ""chunk_id"": 3, ""doc_id"": ""luat-67-2025-qh15_1809150248_3""}, {""text"": ""5%. 10 2. Thu nhập tính thuế từ đầu tư vốn là tổng số các khoản thu nhập chịu thuế từ đầu tư vốn quy định tại khoản 3 Điều 3 của Luật này mà người nộp thuế nhận được theo từnglần phát sinh. 3. Thời điểm xác định thu nhập tính thuế từ đầu tư vốn là thời điểm tổ chức, cá nhân trả thu nhập cho người nộp thuế hoặc thời điểm người nộp thuế nhận được thu nhập. 4. Chính phủ quy định chi tiết Điều này. Điều 13. Thuế thu nhập cá nhân đối với thu nhập từ chuyển nhượng vốn 1. Thuế thu nhập cá nhân đối với thu nhập từ chuyển nhượng vốn của cá nhân cư trú được xác định bằng thu nhập tính thuế nhân (x) với thuế suất 20% theo từng lần chuyển nhượng. Trong đó, thu nhập tính thuế từ chuyển nhượng vốn được xác định bằng giá chuyển nhượng trừ (-) đi giá mua và các khoản chi phí hợp lý liên quan đến việc tạo ra thu nhập từ chuyển nhượng vốn. Trường hợp không xác định giá mua và các chi phí liên quan đến việc chuyển nhượng vốn thì thuế thu nhập cá nhân được xác định bằng giá chuyển nhượng nhân (x) với thuế suất2%. 2. Thuế thu nhập cá nhân đối với thu nhập từ chuyển nhượng chứng khoán được xác định bằng giá chuyển nhượng nhân (x) với thuế suất 0,1% theo từng lần chuyển nhượng. 3. Thời điểm xác định thu nhập tính thuế từ chuyển nhượng vốn là thời điểm giao dịch hoàn thành theo quy định của pháp luật. 4. Chính phủ quy định chi tiết Điều này. Điều 14. Thuế thu nhập cá nhân đối với thu nhập từ chuyển nhượng bất động sản 1. Thuế thu nhập cá nhân đối với thu nhập từ chuyển nhượng bất động sản của cánhân trú đượcxác định bằng giá chuyểnnhượngnhân (x) với thuế suất2%. cư 2. Thời điểm xác định thu nhập tính thuế từ chuyển nhượng bất động sản là thời điểm hợp đồng chuyển nhượng có hiệu lực theo quy định của pháp luật hoặc thời điểm đăng ký quyền sử dụng, quyền sở hữu bất động sản. 3. Chính phủ quy định chi tiết Điều này. Điều 15. Thuế thu nhập cá nhân đối với thu nhập từ"", ""score"": 0.6193, ""source"": ""Luật-109-2025-QH15.pdf"", ""chunk_id"": 11, ""doc_id"": ""Luật-109-2025-QH15_11""}], ""mode"": ""rag""}, ""no_rag"": {""question"": ""Mức doanh thu năm bao nhiêu thì cá nhân kinh doanh không phải nộp thuế thu nhập cá nhân?"", ""answer"": ""Chào bạn,\n\nTheo quy định hiện hành của pháp luật Việt Nam, mức doanh thu năm mà cá nhân kinh doanh không phải nộp thuế thu nhập cá nhân (TNCN) là **100 triệu đồng**.\n\nCụ thể, căn cứ theo Điều 4, Thông tư số 40/2021/TT-BTC của Bộ Tài chính (có hiệu lực từ ngày 01/8/2021), cá nhân kinh doanh có doanh thu từ hoạt động sản xuất, kinh doanh trong năm dương lịch từ 100 triệu đồng trở xuống thì không thuộc đối tượng phải nộp thuế giá trị gia tăng (GTGT) và thuế thu nhập cá nhân (TNCN).\n\n**Một số điểm cần lưu ý:**\n\n1.  **Ngưỡng doanh thu 100 triệu đồng:** Áp dụng cho cả năm dương lịch.\n2.  **Miễn cả 2 loại thuế:** Nếu doanh thu dưới 100 triệu đồng/năm, cá nhân kinh doanh sẽ được miễn cả thuế GTGT và thuế TNCN.\n3.  **Tổng doanh thu từ tất cả hoạt động:** Nếu một cá nhân có nhiều hoạt động kinh doanh (ví dụ: vừa bán hàng hóa, vừa cung cấp dịch vụ, vừa cho thuê tài sản...), thì tổng doanh thu từ tất cả các hoạt động kinh doanh đó trong năm sẽ được cộng gộp lại để xác định có vượt ngưỡng 100 triệu đồng hay không.\n\n**Ví dụ:** Một cá nhân trong năm có doanh thu từ bán hàng là 60 triệu đồng và doanh thu từ cho thuê nhà là 30 triệu đồng. Tổng doanh thu là 90 triệu đồng, dưới ngưỡng 100 triệu đồng, nên cá nhân này không phải nộp thuế GTGT và thuế TNCN cho cả hai hoạt động.\n\nĐể có thông tin chính xác nhất cho trường hợp cụ thể của mình, bạn nên tham khảo ý kiến của cơ quan thuế hoặc chuyên gia tư vấn thuế."", ""retrieved"": [], ""mode"": ""no_rag""}}",
Thuế suất đối với thu nhập từ trúng thưởng là bao nhiêu?,Thuế thu nhập cá nhân đối với thu nhập từ trúng thưởng được xác định bằng thu nhập tính thuế nhân với thuế suất 10%.,"Thuế suất đối với thu nhập từ trúng thưởng của cá nhân cư trú được xác định bằng thu nhập tính thuế nhân (x) với thuế suất 10% (Điều 15, khoản 1, Luật-109-2025-QH15.pdf).","Theo quy định của pháp luật về thuế thu nhập cá nhân tại Việt Nam, thu nhập từ trúng thưởng thuộc đối tượng chịu thuế.

Thuế suất đối với thu nhập từ trúng thưởng là **10%**.

Tuy nhiên, không phải toàn bộ số tiền trúng thưởng đều chịu thuế. Cụ thể:

1.  **Ngưỡng chịu thuế:** Thu nhập chịu thuế là phần giá trị giải thưởng **vượt trên 10 triệu đồng** cho mỗi lần trúng thưởng.
2.  **Phần miễn thuế:** 10 triệu đồng đầu tiên của mỗi giải thưởng sẽ được miễn thuế.
3.  **Cách tính thuế:** Thuế thu nhập cá nhân phải nộp được tính bằng cách lấy phần thu nhập chịu thuế (là tổng giá trị giải thưởng trừ đi 10 triệu đồng) nhân với thuế suất 10%.

**Ví dụ minh họa:**

*   Nếu bạn trúng thưởng **8 triệu đồng**: Số tiền này thấp hơn 10 triệu đồng nên **không phải nộp thuế** thu nhập cá nhân.
*   Nếu bạn trúng thưởng **15 triệu đồng**:
    *   Phần thu nhập được miễn thuế: 10 triệu đồng.
    *   Phần thu nhập chịu thuế: 15 triệu đồng - 10 triệu đồng = 5 triệu đồng.
    *   Số thuế thu nhập cá nhân phải nộp: 5 triệu đồng x 10% = 500.000 đồng.","[""thời điểm hợp đồng chuyển nhượng có hiệu lực theo quy định của pháp luật hoặc thời điểm đăng ký quyền sử dụng, quyền sở hữu bất động sản. 3. Chính phủ quy định chi tiết Điều này. Điều 15. Thuế thu nhập cá nhân đối với thu nhập từ trúng thưởng 1. Thuế thu nhập cá nhân đối với thu nhập từ trúng thưởng của cá nhân cư trú được xác định bằng thu nhập tính thuế nhân (x) với thuế suất 10%. 2. Thu nhập tính thuế từ trúng thưởng là phần giá trị giải thưởng vượt trên 20 triệu đồng mà người nộp thuế nhận được theo từng lần trúng thưởng. 11 3. Thời điểm xác định thu nhập tính thuế từ trúng thưởng là thời điểm tổ chức, cánhân trả thunhập cho người nộpthuế. Điều 16. Thuế thu nhập cá nhân đối với thu nhập từ tiền bản quyền 1. Thuế thu nhập cá nhân đối với thu nhập từ tiền bản quyền của cá nhân cư trú được tính bằng thu nhập tính thuế nhân (x) với thuế suất 5%. 2. Thu nhập tính thuế từ tiền bản quyền là phần thu nhập vượt trên 20 triệu đồng mà người nộp thuế nhận được khi chuyển giao, chuyển quyền sử dụng các đối tượng của quyền sở hữu trí tuệ, chuyển giao công nghệ theo từng đồng. hợp 3. Thời điểm xác định thu nhập tính thuế từ tiền bản quyền là thời điểm tổ chức, cánhân trả thunhập chongười nộp thuế. Điều 17. Thuế thu nhập cá nhân đối với thu nhập từ nhượng quyền thương mại 1. Thuế thu nhập cá nhân đối với thu nhập từ nhượng quyền thương mại của cá nhân cư trú được tính bằng thu nhập tính thuế nhân (x) với thuế suất 5%. 2. Thu nhập tính thuế từ nhượng quyền thương mại là phần thu nhập vượt trên 20 triệu đồng mà người nộp thuế nhận được theo từng hợp đồng nhượng quyền thương mại. 3. Thời điểm xác định thu nhập tính thuế từ nhượng quyền thương mại là thời điểm tổ chức, cá nhân trả thu nhập cho người nộp thuế. Điều 18. Thuế thu nhập cá nhân đối với thu nhập từ nhận thừa kế, quà tặng 1. Thuế thu nhập cá nhân đối với thu nhập từ nhận thừa kế, quả tặng"", ""quyền thương mại là thời điểm tổ chức, cá nhân trả thu nhập cho người nộp thuế. Điều 18. Thuế thu nhập cá nhân đối với thu nhập từ nhận thừa kế, quà tặng 1. Thuế thu nhập cá nhân đối với thu nhập từ nhận thừa kế, quả tặng của cá nhân cư trú được xác định bằng thu nhập tính thuế nhân (x) với thuế suất 10%. 2. Thu nhập tính thuế từ nhận thừa kế, quà tặng là phần giá trị tài sản thừa kế, quà tặng vượt trên 20 triệu đồng mà người nộp thuế nhận được theo từng lần phát sinh. 3. Thời điểm xác định thu nhập tính thuế được quy định như sau: a) Đối với thu nhập từ nhận thừa kế là thời điểm người nộp thuế nhận được thừa kế; b) Đối với thu nhập từ nhận quà tặng là thời điểm tổ chức, cá nhân tặng chongười nộp thuế hoặc thời điểmngười nộp thuếnhận được thu nhập. 4. Chính phủ quy định chi tiết Điều này. Điều 19. Thuế thu nhập cá nhân đối với thu nhập khác 1. Thuế thu nhập cá nhân đối với thu nhập khác của cá nhân cư trú quy định tại các điểm a, b và c khoản 10 Điều 3 của Luật này được xác định bằng thu 12 nhập tính thuế nhân (x) với thuế suất 5%. Trong đó, thu nhập tính thuế là phần thu nhập vượt trên 20 triệu đồng mà người nộp thuế nhận được theo từng lần phát sinh. 2. Thuế thu nhập cá nhân đối với thu nhập khác của cá nhân cư trú quy định tại điểm d và điểm đ khoản 10 Điều 3 của Luật này được xác định bằng giá chuyển nhượng nhân (x) với thuế suất0,1%. 3. Thời điểm xác định thu nhập tính thuế là thời điểm tổ chức, cá nhân chỉ trả thu nhập cho người nộp thuế hoặc thời điểm người nộp thuế nhận được thu nhập. 4. Chính phủ quy định chi tiết Điều này. Chương III CĂN CỨ TÍNH THUÉ ĐÓI VỚI CÁ NHÂN KHÔNG CƯ TRÚ Điều 20. Thuế thu nhập cá nhân đối với thu nhập từ kinh doanh 1. Thuế thu nhập cá nhân đối với thu nhập từ kinh doanh của cá nhân không cư trú được xác định bằng doanh thu từ"", ""5%. 10 2. Thu nhập tính thuế từ đầu tư vốn là tổng số các khoản thu nhập chịu thuế từ đầu tư vốn quy định tại khoản 3 Điều 3 của Luật này mà người nộp thuế nhận được theo từnglần phát sinh. 3. Thời điểm xác định thu nhập tính thuế từ đầu tư vốn là thời điểm tổ chức, cá nhân trả thu nhập cho người nộp thuế hoặc thời điểm người nộp thuế nhận được thu nhập. 4. Chính phủ quy định chi tiết Điều này. Điều 13. Thuế thu nhập cá nhân đối với thu nhập từ chuyển nhượng vốn 1. Thuế thu nhập cá nhân đối với thu nhập từ chuyển nhượng vốn của cá nhân cư trú được xác định bằng thu nhập tính thuế nhân (x) với thuế suất 20% theo từng lần chuyển nhượng. Trong đó, thu nhập tính thuế từ chuyển nhượng vốn được xác định bằng giá chuyển nhượng trừ (-) đi giá mua và các khoản chi phí hợp lý liên quan đến việc tạo ra thu nhập từ chuyển nhượng vốn. Trường hợp không xác định giá mua và các chi phí liên quan đến việc chuyển nhượng vốn thì thuế thu nhập cá nhân được xác định bằng giá chuyển nhượng nhân (x) với thuế suất2%. 2. Thuế thu nhập cá nhân đối với thu nhập từ chuyển nhượng chứng khoán được xác định bằng giá chuyển nhượng nhân (x) với thuế suất 0,1% theo từng lần chuyển nhượng. 3. Thời điểm xác định thu nhập tính thuế từ chuyển nhượng vốn là thời điểm giao dịch hoàn thành theo quy định của pháp luật. 4. Chính phủ quy định chi tiết Điều này. Điều 14. Thuế thu nhập cá nhân đối với thu nhập từ chuyển nhượng bất động sản 1. Thuế thu nhập cá nhân đối với thu nhập từ chuyển nhượng bất động sản của cánhân trú đượcxác định bằng giá chuyểnnhượngnhân (x) với thuế suất2%. cư 2. Thời điểm xác định thu nhập tính thuế từ chuyển nhượng bất động sản là thời điểm hợp đồng chuyển nhượng có hiệu lực theo quy định của pháp luật hoặc thời điểm đăng ký quyền sử dụng, quyền sở hữu bất động sản. 3. Chính phủ quy định chi tiết Điều này. Điều 15. Thuế thu nhập cá nhân đối với thu nhập từ"", ""dưới các hình thức khác. 5. Thu nhập từ chuyển nhượng bất động sản, bao gồm: a) Thu nhập từ chuyển nhượng quyền sử dụng đất và tài sản gắn liền với đất; b) Thu nhập từ chuyển nhượng quyền sở hữu hoặc sử dụng nhà ở; c) Thunhập từ chuyển nhượng quyền thuê đất, quyền thuê mặtnước; 3 d) Các khoản thu nhập khác nhận được từ chuyển nhượng bất động sản dưới mọi hình thức. 6. Thu nhập từ trúng thưởng, bao gồm: a) Trúngthưởng xổ số; b) Trúng thưởng trong các hình thức khuyến mại; c) Trúng thưởng trong các hình thức đặt cược; d) Trúng thưởng trong các trò chơi, cuộc thi có thưởng và các hình thức trúng thưởng khác, trừ trúng thưởng trong ca-si-no. 7. Thu nhập từ tiền bản quyền, bao gồm: a) Thu nhập từ chuyển giao, chuyển quyền sử dụng các đối tượng của quyền sở hữu trí tuệ; chuyển b) Thu nhập từ giao công nghệ. 8. Thu nhập từ nhượng quyền thương mại. 9. Thu nhập từ nhận thừa kế, quà tặng là chứng khoán, phần vốn trong các tổ chức kinh tế, cơ sở kinh doanh, bất động sản và các tài sản phải đăng ký sở hữu hoặc đăng ký sử dụng. 10. Thu nhập khác, bao gồm: a) Thu nhập từ chuyển nhượng tên miền quốc gia Việt Nam “.vn\""; b) Thu nhập từ chuyển nhượng kết quả giảm phát thải khí nhà kính, tín chỉ các-bon; c) Thu nhập từ chuyển nhượng biển số xe trúng đấu giá theo quy định của pháp luật; d) Thu nhập từ chuyển nhượng tài sản số; đ) Thu nhập từ chuyển nhượng vàng miếng. Chính phủ quy định ngưỡng giá trị vàng miếng chịu thuế, thời điểm áp dụng thu và điều chỉnh thuế suất thuế thu nhập cá nhân đối với chuyển nhượng vàng miếng phù hợp với lộtrình quản lýthị trường vàng. 11. Chính phủ quy định chi tiết Điều này và việc quy đổi thu nhập chịu thuế nhận được không bằng tiền, không bằng Đồng Việt Nam. Điều 4. Thu nhập được miễn thuế 1. Thu nhập từ chuyển nhượng, nhận thừa kế, quà tặng là bất động sản giữa vợ với chồng; cha đẻ, mẹ đẻ với con đẻ; cha nuôi, mẹ nuôi với con nuôi; chồng cha chồng, mẹ với con dâu;"", ""vận tải, dịch vụ có gắn với hàng hoá, xây dựng có bao thầu nguyênvật liệu: thuế suất 1,5%; đ) Hoạt động cung cấp sản phẩm và dịch vụ nội dung thông tin số về giải trí, trò chơi điện tử, phim số, ảnh số, nhạc số, quảng cáo số: thuế suất 5%; e) Hoạt động kinh doanh khác: thuế suất 1%. 4. Cá nhân cho thuê bất động sản, trừ hoạt động kinh doanh lưu trú, nộp thuế thu nhập cá nhân được xác định bằng phần doanh thu vượt trên mức quy định tại khoản 1 Điều này nhân (x) với thuế suất 5%. 5. Chính phủ quy định chi tiết Điều này. 8 Điều 8. Thuế thu nhập cá nhân đối với thu nhập từ tiền lương, tiền công 1. Thuế thu nhập cá nhân đối với thu nhập từ tiền lương, tiền công của cá nhân trú được xác định bằng thu nhập tính thuế quy định tại khoản 2 Điều cư này, không phân biệt nơi trả thu nhập, nhân (x) với thuế suất tại Biểu thuế lũy tiến từng phần quy định tại Điều 9 của Luật này. 2. Thu nhập tính thuế đối với thu nhập từ tiền lương, tiền công là tổng thu nhập chịu thuế quy định tại khoản 2 Điều 3 của Luật này mà người nộp thuế nhận được trong kỳ tính thuế, trừ (-) đi các khoản đóng góp bảo hiểm xã hội, bảo hiểm y tế, bảo hiểm thất nghiệp, bảo hiểm trách nhiệm nghề nghiệp đối với một số ngành, nghề phải tham gia bảo hiểm bắt buộc, khoản đóng góp tham gia bảo hiểm hưu trí bổ sung theo quy định của Luật Bảo hiểm xã hội, mua bảo hiểm hưu trí tự nguyện, bảo hiểm nhân thọ không vượt quá mức do Chính phủ quy định và các khoản giảm trừ quy định tại Điều 10 và Điều 11 của Luật này. 3. Thời điểm xác định thu nhập tính thuế từ tiền lương, tiền công là thời điểm tổ chức, cá nhân trả thu nhập cho người nộp thuế hoặc thời điểm người nộp thuế nhận được thu nhập. Điều 9. Biểu thuế luỹ tiến từng phần 1. Biểu thuế luỹ tiến từng phần áp dụng đối với thu nhập tính thuế quy định tại khoản 2 Điều 8 của Luật này. 2.""]","{""question"": ""Thuế suất đối với thu nhập từ trúng thưởng là bao nhiêu?"", ""rag"": {""question"": ""Thuế suất đối với thu nhập từ trúng thưởng là bao nhiêu?"", ""answer"": ""Thuế suất đối với thu nhập từ trúng thưởng của cá nhân cư trú được xác định bằng thu nhập tính thuế nhân (x) với thuế suất 10% (Điều 15, khoản 1, Luật-109-2025-QH15.pdf)."", ""retrieved"": [{""text"": ""thời điểm hợp đồng chuyển nhượng có hiệu lực theo quy định của pháp luật hoặc thời điểm đăng ký quyền sử dụng, quyền sở hữu bất động sản. 3. Chính phủ quy định chi tiết Điều này. Điều 15. Thuế thu nhập cá nhân đối với thu nhập từ trúng thưởng 1. Thuế thu nhập cá nhân đối với thu nhập từ trúng thưởng của cá nhân cư trú được xác định bằng thu nhập tính thuế nhân (x) với thuế suất 10%. 2. Thu nhập tính thuế từ trúng thưởng là phần giá trị giải thưởng vượt trên 20 triệu đồng mà người nộp thuế nhận được theo từng lần trúng thưởng. 11 3. Thời điểm xác định thu nhập tính thuế từ trúng thưởng là thời điểm tổ chức, cánhân trả thunhập cho người nộpthuế. Điều 16. Thuế thu nhập cá nhân đối với thu nhập từ tiền bản quyền 1. Thuế thu nhập cá nhân đối với thu nhập từ tiền bản quyền của cá nhân cư trú được tính bằng thu nhập tính thuế nhân (x) với thuế suất 5%. 2. Thu nhập tính thuế từ tiền bản quyền là phần thu nhập vượt trên 20 triệu đồng mà người nộp thuế nhận được khi chuyển giao, chuyển quyền sử dụng các đối tượng của quyền sở hữu trí tuệ, chuyển giao công nghệ theo từng đồng. hợp 3. Thời điểm xác định thu nhập tính thuế từ tiền bản quyền là thời điểm tổ chức, cánhân trả thunhập chongười nộp thuế. Điều 17. Thuế thu nhập cá nhân đối với thu nhập từ nhượng quyền thương mại 1. Thuế thu nhập cá nhân đối với thu nhập từ nhượng quyền thương mại của cá nhân cư trú được tính bằng thu nhập tính thuế nhân (x) với thuế suất 5%. 2. Thu nhập tính thuế từ nhượng quyền thương mại là phần thu nhập vượt trên 20 triệu đồng mà người nộp thuế nhận được theo từng hợp đồng nhượng quyền thương mại. 3. Thời điểm xác định thu nhập tính thuế từ nhượng quyền thương mại là thời điểm tổ chức, cá nhân trả thu nhập cho người nộp thuế. Điều 18. Thuế thu nhập cá nhân đối với thu nhập từ nhận thừa kế, quà tặng 1. Thuế thu nhập cá nhân đối với thu nhập từ nhận thừa kế, quả tặng"", ""score"": 0.7933, ""source"": ""Luật-109-2025-QH15.pdf"", ""chunk_id"": 12, ""doc_id"": ""Luật-109-2025-QH15_12""}, {""text"": ""quyền thương mại là thời điểm tổ chức, cá nhân trả thu nhập cho người nộp thuế. Điều 18. Thuế thu nhập cá nhân đối với thu nhập từ nhận thừa kế, quà tặng 1. Thuế thu nhập cá nhân đối với thu nhập từ nhận thừa kế, quả tặng của cá nhân cư trú được xác định bằng thu nhập tính thuế nhân (x) với thuế suất 10%. 2. Thu nhập tính thuế từ nhận thừa kế, quà tặng là phần giá trị tài sản thừa kế, quà tặng vượt trên 20 triệu đồng mà người nộp thuế nhận được theo từng lần phát sinh. 3. Thời điểm xác định thu nhập tính thuế được quy định như sau: a) Đối với thu nhập từ nhận thừa kế là thời điểm người nộp thuế nhận được thừa kế; b) Đối với thu nhập từ nhận quà tặng là thời điểm tổ chức, cá nhân tặng chongười nộp thuế hoặc thời điểmngười nộp thuếnhận được thu nhập. 4. Chính phủ quy định chi tiết Điều này. Điều 19. Thuế thu nhập cá nhân đối với thu nhập khác 1. Thuế thu nhập cá nhân đối với thu nhập khác của cá nhân cư trú quy định tại các điểm a, b và c khoản 10 Điều 3 của Luật này được xác định bằng thu 12 nhập tính thuế nhân (x) với thuế suất 5%. Trong đó, thu nhập tính thuế là phần thu nhập vượt trên 20 triệu đồng mà người nộp thuế nhận được theo từng lần phát sinh. 2. Thuế thu nhập cá nhân đối với thu nhập khác của cá nhân cư trú quy định tại điểm d và điểm đ khoản 10 Điều 3 của Luật này được xác định bằng giá chuyển nhượng nhân (x) với thuế suất0,1%. 3. Thời điểm xác định thu nhập tính thuế là thời điểm tổ chức, cá nhân chỉ trả thu nhập cho người nộp thuế hoặc thời điểm người nộp thuế nhận được thu nhập. 4. Chính phủ quy định chi tiết Điều này. Chương III CĂN CỨ TÍNH THUÉ ĐÓI VỚI CÁ NHÂN KHÔNG CƯ TRÚ Điều 20. Thuế thu nhập cá nhân đối với thu nhập từ kinh doanh 1. Thuế thu nhập cá nhân đối với thu nhập từ kinh doanh của cá nhân không cư trú được xác định bằng doanh thu từ"", ""score"": 0.6963, ""source"": ""Luật-109-2025-QH15.pdf"", ""chunk_id"": 13, ""doc_id"": ""Luật-109-2025-QH15_13""}, {""text"": ""5%. 10 2. Thu nhập tính thuế từ đầu tư vốn là tổng số các khoản thu nhập chịu thuế từ đầu tư vốn quy định tại khoản 3 Điều 3 của Luật này mà người nộp thuế nhận được theo từnglần phát sinh. 3. Thời điểm xác định thu nhập tính thuế từ đầu tư vốn là thời điểm tổ chức, cá nhân trả thu nhập cho người nộp thuế hoặc thời điểm người nộp thuế nhận được thu nhập. 4. Chính phủ quy định chi tiết Điều này. Điều 13. Thuế thu nhập cá nhân đối với thu nhập từ chuyển nhượng vốn 1. Thuế thu nhập cá nhân đối với thu nhập từ chuyển nhượng vốn của cá nhân cư trú được xác định bằng thu nhập tính thuế nhân (x) với thuế suất 20% theo từng lần chuyển nhượng. Trong đó, thu nhập tính thuế từ chuyển nhượng vốn được xác định bằng giá chuyển nhượng trừ (-) đi giá mua và các khoản chi phí hợp lý liên quan đến việc tạo ra thu nhập từ chuyển nhượng vốn. Trường hợp không xác định giá mua và các chi phí liên quan đến việc chuyển nhượng vốn thì thuế thu nhập cá nhân được xác định bằng giá chuyển nhượng nhân (x) với thuế suất2%. 2. Thuế thu nhập cá nhân đối với thu nhập từ chuyển nhượng chứng khoán được xác định bằng giá chuyển nhượng nhân (x) với thuế suất 0,1% theo từng lần chuyển nhượng. 3. Thời điểm xác định thu nhập tính thuế từ chuyển nhượng vốn là thời điểm giao dịch hoàn thành theo quy định của pháp luật. 4. Chính phủ quy định chi tiết Điều này. Điều 14. Thuế thu nhập cá nhân đối với thu nhập từ chuyển nhượng bất động sản 1. Thuế thu nhập cá nhân đối với thu nhập từ chuyển nhượng bất động sản của cánhân trú đượcxác định bằng giá chuyểnnhượngnhân (x) với thuế suất2%. cư 2. Thời điểm xác định thu nhập tính thuế từ chuyển nhượng bất động sản là thời điểm hợp đồng chuyển nhượng có hiệu lực theo quy định của pháp luật hoặc thời điểm đăng ký quyền sử dụng, quyền sở hữu bất động sản. 3. Chính phủ quy định chi tiết Điều này. Điều 15. Thuế thu nhập cá nhân đối với thu nhập từ"", ""score"": 0.6486, ""source"": ""Luật-109-2025-QH15.pdf"", ""chunk_id"": 11, ""doc_id"": ""Luật-109-2025-QH15_11""}, {""text"": ""dưới các hình thức khác. 5. Thu nhập từ chuyển nhượng bất động sản, bao gồm: a) Thu nhập từ chuyển nhượng quyền sử dụng đất và tài sản gắn liền với đất; b) Thu nhập từ chuyển nhượng quyền sở hữu hoặc sử dụng nhà ở; c) Thunhập từ chuyển nhượng quyền thuê đất, quyền thuê mặtnước; 3 d) Các khoản thu nhập khác nhận được từ chuyển nhượng bất động sản dưới mọi hình thức. 6. Thu nhập từ trúng thưởng, bao gồm: a) Trúngthưởng xổ số; b) Trúng thưởng trong các hình thức khuyến mại; c) Trúng thưởng trong các hình thức đặt cược; d) Trúng thưởng trong các trò chơi, cuộc thi có thưởng và các hình thức trúng thưởng khác, trừ trúng thưởng trong ca-si-no. 7. Thu nhập từ tiền bản quyền, bao gồm: a) Thu nhập từ chuyển giao, chuyển quyền sử dụng các đối tượng của quyền sở hữu trí tuệ; chuyển b) Thu nhập từ giao công nghệ. 8. Thu nhập từ nhượng quyền thương mại. 9. Thu nhập từ nhận thừa kế, quà tặng là chứng khoán, phần vốn trong các tổ chức kinh tế, cơ sở kinh doanh, bất động sản và các tài sản phải đăng ký sở hữu hoặc đăng ký sử dụng. 10. Thu nhập khác, bao gồm: a) Thu nhập từ chuyển nhượng tên miền quốc gia Việt Nam “.vn\""; b) Thu nhập từ chuyển nhượng kết quả giảm phát thải khí nhà kính, tín chỉ các-bon; c) Thu nhập từ chuyển nhượng biển số xe trúng đấu giá theo quy định của pháp luật; d) Thu nhập từ chuyển nhượng tài sản số; đ) Thu nhập từ chuyển nhượng vàng miếng. Chính phủ quy định ngưỡng giá trị vàng miếng chịu thuế, thời điểm áp dụng thu và điều chỉnh thuế suất thuế thu nhập cá nhân đối với chuyển nhượng vàng miếng phù hợp với lộtrình quản lýthị trường vàng. 11. Chính phủ quy định chi tiết Điều này và việc quy đổi thu nhập chịu thuế nhận được không bằng tiền, không bằng Đồng Việt Nam. Điều 4. Thu nhập được miễn thuế 1. Thu nhập từ chuyển nhượng, nhận thừa kế, quà tặng là bất động sản giữa vợ với chồng; cha đẻ, mẹ đẻ với con đẻ; cha nuôi, mẹ nuôi với con nuôi; chồng cha chồng, mẹ với con dâu;"", ""score"": 0.6332, ""source"": ""Luật-109-2025-QH15.pdf"", ""chunk_id"": 2, ""doc_id"": ""Luật-109-2025-QH15_2""}, {""text"": ""vận tải, dịch vụ có gắn với hàng hoá, xây dựng có bao thầu nguyênvật liệu: thuế suất 1,5%; đ) Hoạt động cung cấp sản phẩm và dịch vụ nội dung thông tin số về giải trí, trò chơi điện tử, phim số, ảnh số, nhạc số, quảng cáo số: thuế suất 5%; e) Hoạt động kinh doanh khác: thuế suất 1%. 4. Cá nhân cho thuê bất động sản, trừ hoạt động kinh doanh lưu trú, nộp thuế thu nhập cá nhân được xác định bằng phần doanh thu vượt trên mức quy định tại khoản 1 Điều này nhân (x) với thuế suất 5%. 5. Chính phủ quy định chi tiết Điều này. 8 Điều 8. Thuế thu nhập cá nhân đối với thu nhập từ tiền lương, tiền công 1. Thuế thu nhập cá nhân đối với thu nhập từ tiền lương, tiền công của cá nhân trú được xác định bằng thu nhập tính thuế quy định tại khoản 2 Điều cư này, không phân biệt nơi trả thu nhập, nhân (x) với thuế suất tại Biểu thuế lũy tiến từng phần quy định tại Điều 9 của Luật này. 2. Thu nhập tính thuế đối với thu nhập từ tiền lương, tiền công là tổng thu nhập chịu thuế quy định tại khoản 2 Điều 3 của Luật này mà người nộp thuế nhận được trong kỳ tính thuế, trừ (-) đi các khoản đóng góp bảo hiểm xã hội, bảo hiểm y tế, bảo hiểm thất nghiệp, bảo hiểm trách nhiệm nghề nghiệp đối với một số ngành, nghề phải tham gia bảo hiểm bắt buộc, khoản đóng góp tham gia bảo hiểm hưu trí bổ sung theo quy định của Luật Bảo hiểm xã hội, mua bảo hiểm hưu trí tự nguyện, bảo hiểm nhân thọ không vượt quá mức do Chính phủ quy định và các khoản giảm trừ quy định tại Điều 10 và Điều 11 của Luật này. 3. Thời điểm xác định thu nhập tính thuế từ tiền lương, tiền công là thời điểm tổ chức, cá nhân trả thu nhập cho người nộp thuế hoặc thời điểm người nộp thuế nhận được thu nhập. Điều 9. Biểu thuế luỹ tiến từng phần 1. Biểu thuế luỹ tiến từng phần áp dụng đối với thu nhập tính thuế quy định tại khoản 2 Điều 8 của Luật này. 2."", ""score"": 0.6224, ""source"": ""Luật-109-2025-QH15.pdf"", ""chunk_id"": 8, ""doc_id"": ""Luật-109-2025-QH15_8""}], ""mode"": ""rag""}, ""no_rag"": {""question"": ""Thuế suất đối với thu nhập từ trúng thưởng là bao nhiêu?"", ""answer"": ""Theo quy định của pháp luật về thuế thu nhập cá nhân tại Việt Nam, thu nhập từ trúng thưởng thuộc đối tượng chịu thuế.\n\nThuế suất đối với thu nhập từ trúng thưởng là **10%**.\n\nTuy nhiên, không phải toàn bộ số tiền trúng thưởng đều chịu thuế. Cụ thể:\n\n1.  **Ngưỡng chịu thuế:** Thu nhập chịu thuế là phần giá trị giải thưởng **vượt trên 10 triệu đồng** cho mỗi lần trúng thưởng.\n2.  **Phần miễn thuế:** 10 triệu đồng đầu tiên của mỗi giải thưởng sẽ được miễn thuế.\n3.  **Cách tính thuế:** Thuế thu nhập cá nhân phải nộp được tính bằng cách lấy phần thu nhập chịu thuế (là tổng giá trị giải thưởng trừ đi 10 triệu đồng) nhân với thuế suất 10%.\n\n**Ví dụ minh họa:**\n\n*   Nếu bạn trúng thưởng **8 triệu đồng**: Số tiền này thấp hơn 10 triệu đồng nên **không phải nộp thuế** thu nhập cá nhân.\n*   Nếu bạn trúng thưởng **15 triệu đồng**:\n    *   Phần thu nhập được miễn thuế: 10 triệu đồng.\n    *   Phần thu nhập chịu thuế: 15 triệu đồng - 10 triệu đồng = 5 triệu đồng.\n    *   Số thuế thu nhập cá nhân phải nộp: 5 triệu đồng x 10% = 500.000 đồng."", ""retrieved"": [], ""mode"": ""no_rag""}}",
Thu nhập tính thuế từ tiền bản quyền được xác định như thế nào?,"Thu nhập tính thuế từ tiền bản quyền là phần thu nhập vượt trên 20 triệu đồng mà người nộp thuế nhận được khi chuyển giao quyền sở hữu trí tuệ, chuyển giao công nghệ.","Thu nhập tính thuế từ tiền bản quyền được xác định là phần thu nhập vượt trên 20 triệu đồng mà người nộp thuế nhận được khi chuyển giao, chuyển quyền sử dụng các đối tượng của quyền sở hữu trí tuệ, chuyển giao công nghệ theo từng hợp đồng.

Nguồn: Luật-109-2025-QH15.pdf (Điều 16, khoản 2)","Theo quy định của pháp luật Việt Nam về thuế thu nhập cá nhân (TNCN), thu nhập tính thuế từ tiền bản quyền được xác định cụ thể như sau:

**1. Công thức xác định Thu nhập tính thuế từ tiền bản quyền:**

Thu nhập tính thuế từ tiền bản quyền được xác định bằng cách lấy tổng số tiền bản quyền nhận được (thu nhập chịu thuế) trừ đi 10% của tổng số tiền bản quyền đó.

Hay công thức đơn giản hơn:

**Thu nhập tính thuế = Thu nhập chịu thuế từ tiền bản quyền X (nhân) 90%**

Trong đó:

*   **Thu nhập chịu thuế từ tiền bản quyền:** Là toàn bộ số tiền bản quyền mà cá nhân nhận được từ việc chuyển giao, chuyển quyền sử dụng các đối tượng quyền sở hữu trí tuệ, công nghệ theo quy định của pháp luật, không trừ bất kỳ khoản chi phí nào. Các đối tượng quyền sở hữu trí tuệ bao gồm:
    *   Quyền tác giả (sách, báo, tác phẩm nghệ thuật, phần mềm, v.v.).
    *   Quyền liên quan đến quyền tác giả.
    *   Quyền sở hữu công nghiệp (sáng chế, kiểu dáng công nghiệp, nhãn hiệu, v.v.).
    *   Quyền đối với giống cây trồng.
    *   Các đối tượng quyền sở hữu trí tuệ khác theo quy định pháp luật.
    *   Chuyển giao công nghệ.

*   **Mức giảm trừ 10%:** Đây là khoản giảm trừ mang tính chất khoán, áp dụng cho loại thu nhập này, không phụ thuộc vào chi phí thực tế mà cá nhân bỏ ra để tạo ra bản quyền.

**2. Căn cứ pháp lý:**

Quy định này được nêu tại Khoản 2 Điều 10 Thông tư số 111/2013/TT-BTC ngày 15/08/2013 của Bộ Tài chính hướng dẫn thực hiện Luật Thuế thu nhập cá nhân và Nghị định số 65/2013/NĐ-CP của Chính phủ.

**3. Mức thuế suất áp dụng:**

Sau khi xác định được thu nhập tính thuế, mức thuế suất thuế TNCN áp dụng cho thu nhập từ tiền bản quyền là **5%** trên thu nhập tính thuế.

**Ví dụ minh họa:**

Ông A là tác giả của một cuốn sách và nhận được tiền bản quyền từ nhà xuất bản là 100.000.000 đồng (một trăm triệu đồng).

1.  **Thu nhập chịu thuế từ tiền bản quyền của Ông A là:** 100.000.000 đồng.
2.  **Thu nhập tính thuế từ tiền bản quyền của Ông A được xác định là:**
    100.000.000 đồng X (nhân) 90% = 90.000.000 đồng.
3.  **Số thuế TNCN Ông A phải nộp là:**
    90.000.000 đồng X (nhân) 5% = 4.500.000 đồng (bốn triệu năm trăm nghìn đồng).

**Lưu ý quan trọng:**

*   Khoản thuế này thường được tổ chức, cá nhân chi trả tiền bản quyền (ví dụ: nhà xuất bản, công ty phần mềm) khấu trừ trực tiếp tại nguồn trước khi chi trả cho cá nhân nếu số tiền chi trả vượt quá 10.000.000 đồng (mười triệu đồng) cho mỗi lần chi trả hoặc mỗi hợp đồng.
*   Trong trường hợp cá nhân nhận tiền bản quyền nhiều lần từ cùng một hợp đồng hoặc từ nhiều hợp đồng khác nhau trong năm, việc tính thuế được thực hiện theo nguyên tắc nêu trên cho từng lần nhận tiền bản quyền.","[""5%. 10 2. Thu nhập tính thuế từ đầu tư vốn là tổng số các khoản thu nhập chịu thuế từ đầu tư vốn quy định tại khoản 3 Điều 3 của Luật này mà người nộp thuế nhận được theo từnglần phát sinh. 3. Thời điểm xác định thu nhập tính thuế từ đầu tư vốn là thời điểm tổ chức, cá nhân trả thu nhập cho người nộp thuế hoặc thời điểm người nộp thuế nhận được thu nhập. 4. Chính phủ quy định chi tiết Điều này. Điều 13. Thuế thu nhập cá nhân đối với thu nhập từ chuyển nhượng vốn 1. Thuế thu nhập cá nhân đối với thu nhập từ chuyển nhượng vốn của cá nhân cư trú được xác định bằng thu nhập tính thuế nhân (x) với thuế suất 20% theo từng lần chuyển nhượng. Trong đó, thu nhập tính thuế từ chuyển nhượng vốn được xác định bằng giá chuyển nhượng trừ (-) đi giá mua và các khoản chi phí hợp lý liên quan đến việc tạo ra thu nhập từ chuyển nhượng vốn. Trường hợp không xác định giá mua và các chi phí liên quan đến việc chuyển nhượng vốn thì thuế thu nhập cá nhân được xác định bằng giá chuyển nhượng nhân (x) với thuế suất2%. 2. Thuế thu nhập cá nhân đối với thu nhập từ chuyển nhượng chứng khoán được xác định bằng giá chuyển nhượng nhân (x) với thuế suất 0,1% theo từng lần chuyển nhượng. 3. Thời điểm xác định thu nhập tính thuế từ chuyển nhượng vốn là thời điểm giao dịch hoàn thành theo quy định của pháp luật. 4. Chính phủ quy định chi tiết Điều này. Điều 14. Thuế thu nhập cá nhân đối với thu nhập từ chuyển nhượng bất động sản 1. Thuế thu nhập cá nhân đối với thu nhập từ chuyển nhượng bất động sản của cánhân trú đượcxác định bằng giá chuyểnnhượngnhân (x) với thuế suất2%. cư 2. Thời điểm xác định thu nhập tính thuế từ chuyển nhượng bất động sản là thời điểm hợp đồng chuyển nhượng có hiệu lực theo quy định của pháp luật hoặc thời điểm đăng ký quyền sử dụng, quyền sở hữu bất động sản. 3. Chính phủ quy định chi tiết Điều này. Điều 15. Thuế thu nhập cá nhân đối với thu nhập từ"", ""Kỳ tính thuế đối với doanh nghiệp quy định tại điểm c, điểm d khoản 2 Điều 2 của Luật này thực hiện theo quy định của pháp luật về quản lý thuế. Chương II CĂN CỨ VÀ PHƯƠNG PHÁP TÍNH THUÉ Điều 6. Căn cứ tính thuế Căn cứ tính thuế là thu nhập tính thuế và thuế suất. Điều 7. Xác định thu nhập tính thuế 1. Thu nhập tính thuế trong kỳ tính thuế được xác định như sau: Thunhập _ Thunhập | Thunhậpđược Các khoản lỗ được kết tính thuế chịu thuế miễn thuế chuyên theo quy định 2. Thu nhập chịu thuế quy định tại khoản 1 Điều này được xác định như sau: ẩ . ¬- Các khoản thu nhập khác bìa PRU) = Doanhthu - vs + (kể cả thu nhập nhận Sh M được ở ngoài Việt Nam) 3. Doanh nghiệp có nhiều hoạt động sản xuất, kinh doanh trong kỳ tính thuế thì thu nhập chịu thuế từ hoạt động sản xuất, kinh doanh là tổng thu nhập của tất cả các hoạt động sản xuất, kinh doanh. Trường hợp có hoạt động sản xuất, kinh doanh bị lỗ thì được bù trừ số lỗ vào thu nhập chịu thuế của các hoạt động sản xuất, kinh doanh có thu nhập do doanh nghiệp tự lựa chọn (trừ thu nhập từ hoạt động chuyển nhượng bắt động sản, chuyên nhượng dự án đầu tư, chuyển nhượng quyền tham gia dự án đầu tư không bù trừ với thu nhập của hoạt động sản xuắt, kinh doanh đang được hưởng ưu đãi thuê). Phần thu nhập còn lại sau khi bù trừ áp dụng mức thuế suất thuế thu nhập doanh nghiệp của hoạt động sản xuất, kinh doanh còn thu nhập. 4. Thu nhập chịu thuế từ hoạt động chuyển nhượng dự án đầu tư thăm dò, khai thác, chế biến khoáng sản; chuyển nhượng quyền tham gia dự án đầu tư thăm dò, khai thác, chế biến khoáng sản; chuyên nhượng quyền thăm dò, khai thác, chế biến khoáng sản phải xác định riêng để kê khai nộp thuế, không được bù trừ lỗ, lãi với hoạt động sản xuất, kinh doanh trong kỳ tính thuế. Điều 8. Doanh thu 1. Doanh thu để tính thu nhập chịu thuế là toàn bộ tiền bán hàng, tiền gia công, tiền cung"", ""thời điểm hợp đồng chuyển nhượng có hiệu lực theo quy định của pháp luật hoặc thời điểm đăng ký quyền sử dụng, quyền sở hữu bất động sản. 3. Chính phủ quy định chi tiết Điều này. Điều 15. Thuế thu nhập cá nhân đối với thu nhập từ trúng thưởng 1. Thuế thu nhập cá nhân đối với thu nhập từ trúng thưởng của cá nhân cư trú được xác định bằng thu nhập tính thuế nhân (x) với thuế suất 10%. 2. Thu nhập tính thuế từ trúng thưởng là phần giá trị giải thưởng vượt trên 20 triệu đồng mà người nộp thuế nhận được theo từng lần trúng thưởng. 11 3. Thời điểm xác định thu nhập tính thuế từ trúng thưởng là thời điểm tổ chức, cánhân trả thunhập cho người nộpthuế. Điều 16. Thuế thu nhập cá nhân đối với thu nhập từ tiền bản quyền 1. Thuế thu nhập cá nhân đối với thu nhập từ tiền bản quyền của cá nhân cư trú được tính bằng thu nhập tính thuế nhân (x) với thuế suất 5%. 2. Thu nhập tính thuế từ tiền bản quyền là phần thu nhập vượt trên 20 triệu đồng mà người nộp thuế nhận được khi chuyển giao, chuyển quyền sử dụng các đối tượng của quyền sở hữu trí tuệ, chuyển giao công nghệ theo từng đồng. hợp 3. Thời điểm xác định thu nhập tính thuế từ tiền bản quyền là thời điểm tổ chức, cánhân trả thunhập chongười nộp thuế. Điều 17. Thuế thu nhập cá nhân đối với thu nhập từ nhượng quyền thương mại 1. Thuế thu nhập cá nhân đối với thu nhập từ nhượng quyền thương mại của cá nhân cư trú được tính bằng thu nhập tính thuế nhân (x) với thuế suất 5%. 2. Thu nhập tính thuế từ nhượng quyền thương mại là phần thu nhập vượt trên 20 triệu đồng mà người nộp thuế nhận được theo từng hợp đồng nhượng quyền thương mại. 3. Thời điểm xác định thu nhập tính thuế từ nhượng quyền thương mại là thời điểm tổ chức, cá nhân trả thu nhập cho người nộp thuế. Điều 18. Thuế thu nhập cá nhân đối với thu nhập từ nhận thừa kế, quà tặng 1. Thuế thu nhập cá nhân đối với thu nhập từ nhận thừa kế, quả tặng"", ""về quản lý thuế. Chương II CĂN CỨ VÀ PHƯƠNG PHÁP TÍNH THUẾ Điều 6. Căn cứ tính thuế Căn cứ tính thuế là thu nhập tính thuế và thuế suất. Điều 7. Xác định thu nhập tính thuế 1. Thu nhập tính thuế trong kỳ tính thuế được xác định như sau: 2. Thu nhập chịu thuế quy định tại khoản 1 Điều này được xác định như sau: 3. Doanh nghiệp có nhiều hoạt động sản xuất, kinh doanh trong kỳ tính thuế thì thu nhập chịu thuế từ hoạt động sản xuất, kinh doanh là tổng thu nhập của tất cả các hoạt động sản xuất, kinh doanh. Trường hợp có hoạt động sản xuất, kinh doanh bị lỗ thì được bù trừ số lỗ vào thu nhập chịu thuế của các hoạt động sản xuất, kinh doanh có thu nhập do doanh nghiệp tự lựa chọn (trừ thu nhập từ hoạt động chuyển nhượng bất động sản, chuyển nhượng dự án đầu tư, chuyển nhượng quyền tham gia dự án đầu tư không bù trừ với thu nhập của hoạt động sản xuất, kinh doanh đang được hưởng ưu đãi thuế). Phần thu nhập còn lại sau khi bù trừ áp dụng mức thuế suất thuế thu nhập doanh nghiệp của hoạt động sản xuất, kinh doanh còn thu nhập. 4. Thu nhập chịu thuế từ hoạt động chuyển nhượng dự án đầu tư thăm dò, khai thác, chế biến khoáng sản; chuyển nhượng quyền tham gia dự án đầu tư thăm dò, khai thác, chế biến khoáng sản; chuyển nhượng quyền thăm dò, khai thác, chế biến khoáng sản phải xác định riêng để kê khai nộp thuế, không được bù trừ lỗ, lãi với hoạt động sản xuất, kinh doanh trong kỳ tính thuế. Điều 8. Doanh thu 1. Doanh thu để tính thu nhập chịu thuế là toàn bộ tiền bán hàng, tiền gia công, tiền cung ứng dịch vụ kể cả trợ giá, phụ thu, phụ trội mà doanh nghiệp được hưởng, không phân biệt đã thu được tiền hay chưa thu được tiền. 2. Chính phủ quy định chi tiết Điều này. Điều 9. Các khoản chi được trừ và không được trừ khi xác định thu nhập chịu thuế 1. Trừ các khoản chi quy định tại khoản 2 Điều này, doanh nghiệp được trừ các khoản chi khi xác"", ""quyền thương mại là thời điểm tổ chức, cá nhân trả thu nhập cho người nộp thuế. Điều 18. Thuế thu nhập cá nhân đối với thu nhập từ nhận thừa kế, quà tặng 1. Thuế thu nhập cá nhân đối với thu nhập từ nhận thừa kế, quả tặng của cá nhân cư trú được xác định bằng thu nhập tính thuế nhân (x) với thuế suất 10%. 2. Thu nhập tính thuế từ nhận thừa kế, quà tặng là phần giá trị tài sản thừa kế, quà tặng vượt trên 20 triệu đồng mà người nộp thuế nhận được theo từng lần phát sinh. 3. Thời điểm xác định thu nhập tính thuế được quy định như sau: a) Đối với thu nhập từ nhận thừa kế là thời điểm người nộp thuế nhận được thừa kế; b) Đối với thu nhập từ nhận quà tặng là thời điểm tổ chức, cá nhân tặng chongười nộp thuế hoặc thời điểmngười nộp thuếnhận được thu nhập. 4. Chính phủ quy định chi tiết Điều này. Điều 19. Thuế thu nhập cá nhân đối với thu nhập khác 1. Thuế thu nhập cá nhân đối với thu nhập khác của cá nhân cư trú quy định tại các điểm a, b và c khoản 10 Điều 3 của Luật này được xác định bằng thu 12 nhập tính thuế nhân (x) với thuế suất 5%. Trong đó, thu nhập tính thuế là phần thu nhập vượt trên 20 triệu đồng mà người nộp thuế nhận được theo từng lần phát sinh. 2. Thuế thu nhập cá nhân đối với thu nhập khác của cá nhân cư trú quy định tại điểm d và điểm đ khoản 10 Điều 3 của Luật này được xác định bằng giá chuyển nhượng nhân (x) với thuế suất0,1%. 3. Thời điểm xác định thu nhập tính thuế là thời điểm tổ chức, cá nhân chỉ trả thu nhập cho người nộp thuế hoặc thời điểm người nộp thuế nhận được thu nhập. 4. Chính phủ quy định chi tiết Điều này. Chương III CĂN CỨ TÍNH THUÉ ĐÓI VỚI CÁ NHÂN KHÔNG CƯ TRÚ Điều 20. Thuế thu nhập cá nhân đối với thu nhập từ kinh doanh 1. Thuế thu nhập cá nhân đối với thu nhập từ kinh doanh của cá nhân không cư trú được xác định bằng doanh thu từ""]","{""question"": ""Thu nhập tính thuế từ tiền bản quyền được xác định như thế nào?"", ""rag"": {""question"": ""Thu nhập tính thuế từ tiền bản quyền được xác định như thế nào?"", ""answer"": ""Thu nhập tính thuế từ tiền bản quyền được xác định là phần thu nhập vượt trên 20 triệu đồng mà người nộp thuế nhận được khi chuyển giao, chuyển quyền sử dụng các đối tượng của quyền sở hữu trí tuệ, chuyển giao công nghệ theo từng hợp đồng.\n\nNguồn: Luật-109-2025-QH15.pdf (Điều 16, khoản 2)"", ""retrieved"": [{""text"": ""5%. 10 2. Thu nhập tính thuế từ đầu tư vốn là tổng số các khoản thu nhập chịu thuế từ đầu tư vốn quy định tại khoản 3 Điều 3 của Luật này mà người nộp thuế nhận được theo từnglần phát sinh. 3. Thời điểm xác định thu nhập tính thuế từ đầu tư vốn là thời điểm tổ chức, cá nhân trả thu nhập cho người nộp thuế hoặc thời điểm người nộp thuế nhận được thu nhập. 4. Chính phủ quy định chi tiết Điều này. Điều 13. Thuế thu nhập cá nhân đối với thu nhập từ chuyển nhượng vốn 1. Thuế thu nhập cá nhân đối với thu nhập từ chuyển nhượng vốn của cá nhân cư trú được xác định bằng thu nhập tính thuế nhân (x) với thuế suất 20% theo từng lần chuyển nhượng. Trong đó, thu nhập tính thuế từ chuyển nhượng vốn được xác định bằng giá chuyển nhượng trừ (-) đi giá mua và các khoản chi phí hợp lý liên quan đến việc tạo ra thu nhập từ chuyển nhượng vốn. Trường hợp không xác định giá mua và các chi phí liên quan đến việc chuyển nhượng vốn thì thuế thu nhập cá nhân được xác định bằng giá chuyển nhượng nhân (x) với thuế suất2%. 2. Thuế thu nhập cá nhân đối với thu nhập từ chuyển nhượng chứng khoán được xác định bằng giá chuyển nhượng nhân (x) với thuế suất 0,1% theo từng lần chuyển nhượng. 3. Thời điểm xác định thu nhập tính thuế từ chuyển nhượng vốn là thời điểm giao dịch hoàn thành theo quy định của pháp luật. 4. Chính phủ quy định chi tiết Điều này. Điều 14. Thuế thu nhập cá nhân đối với thu nhập từ chuyển nhượng bất động sản 1. Thuế thu nhập cá nhân đối với thu nhập từ chuyển nhượng bất động sản của cánhân trú đượcxác định bằng giá chuyểnnhượngnhân (x) với thuế suất2%. cư 2. Thời điểm xác định thu nhập tính thuế từ chuyển nhượng bất động sản là thời điểm hợp đồng chuyển nhượng có hiệu lực theo quy định của pháp luật hoặc thời điểm đăng ký quyền sử dụng, quyền sở hữu bất động sản. 3. Chính phủ quy định chi tiết Điều này. Điều 15. Thuế thu nhập cá nhân đối với thu nhập từ"", ""score"": 0.7252, ""source"": ""Luật-109-2025-QH15.pdf"", ""chunk_id"": 11, ""doc_id"": ""Luật-109-2025-QH15_11""}, {""text"": ""Kỳ tính thuế đối với doanh nghiệp quy định tại điểm c, điểm d khoản 2 Điều 2 của Luật này thực hiện theo quy định của pháp luật về quản lý thuế. Chương II CĂN CỨ VÀ PHƯƠNG PHÁP TÍNH THUÉ Điều 6. Căn cứ tính thuế Căn cứ tính thuế là thu nhập tính thuế và thuế suất. Điều 7. Xác định thu nhập tính thuế 1. Thu nhập tính thuế trong kỳ tính thuế được xác định như sau: Thunhập _ Thunhập | Thunhậpđược Các khoản lỗ được kết tính thuế chịu thuế miễn thuế chuyên theo quy định 2. Thu nhập chịu thuế quy định tại khoản 1 Điều này được xác định như sau: ẩ . ¬- Các khoản thu nhập khác bìa PRU) = Doanhthu - vs + (kể cả thu nhập nhận Sh M được ở ngoài Việt Nam) 3. Doanh nghiệp có nhiều hoạt động sản xuất, kinh doanh trong kỳ tính thuế thì thu nhập chịu thuế từ hoạt động sản xuất, kinh doanh là tổng thu nhập của tất cả các hoạt động sản xuất, kinh doanh. Trường hợp có hoạt động sản xuất, kinh doanh bị lỗ thì được bù trừ số lỗ vào thu nhập chịu thuế của các hoạt động sản xuất, kinh doanh có thu nhập do doanh nghiệp tự lựa chọn (trừ thu nhập từ hoạt động chuyển nhượng bắt động sản, chuyên nhượng dự án đầu tư, chuyển nhượng quyền tham gia dự án đầu tư không bù trừ với thu nhập của hoạt động sản xuắt, kinh doanh đang được hưởng ưu đãi thuê). Phần thu nhập còn lại sau khi bù trừ áp dụng mức thuế suất thuế thu nhập doanh nghiệp của hoạt động sản xuất, kinh doanh còn thu nhập. 4. Thu nhập chịu thuế từ hoạt động chuyển nhượng dự án đầu tư thăm dò, khai thác, chế biến khoáng sản; chuyển nhượng quyền tham gia dự án đầu tư thăm dò, khai thác, chế biến khoáng sản; chuyên nhượng quyền thăm dò, khai thác, chế biến khoáng sản phải xác định riêng để kê khai nộp thuế, không được bù trừ lỗ, lãi với hoạt động sản xuất, kinh doanh trong kỳ tính thuế. Điều 8. Doanh thu 1. Doanh thu để tính thu nhập chịu thuế là toàn bộ tiền bán hàng, tiền gia công, tiền cung"", ""score"": 0.7214, ""source"": ""Luật-67-2025-QH15.pdf"", ""chunk_id"": 7, ""doc_id"": ""Luật-67-2025-QH15_7""}, {""text"": ""thời điểm hợp đồng chuyển nhượng có hiệu lực theo quy định của pháp luật hoặc thời điểm đăng ký quyền sử dụng, quyền sở hữu bất động sản. 3. Chính phủ quy định chi tiết Điều này. Điều 15. Thuế thu nhập cá nhân đối với thu nhập từ trúng thưởng 1. Thuế thu nhập cá nhân đối với thu nhập từ trúng thưởng của cá nhân cư trú được xác định bằng thu nhập tính thuế nhân (x) với thuế suất 10%. 2. Thu nhập tính thuế từ trúng thưởng là phần giá trị giải thưởng vượt trên 20 triệu đồng mà người nộp thuế nhận được theo từng lần trúng thưởng. 11 3. Thời điểm xác định thu nhập tính thuế từ trúng thưởng là thời điểm tổ chức, cánhân trả thunhập cho người nộpthuế. Điều 16. Thuế thu nhập cá nhân đối với thu nhập từ tiền bản quyền 1. Thuế thu nhập cá nhân đối với thu nhập từ tiền bản quyền của cá nhân cư trú được tính bằng thu nhập tính thuế nhân (x) với thuế suất 5%. 2. Thu nhập tính thuế từ tiền bản quyền là phần thu nhập vượt trên 20 triệu đồng mà người nộp thuế nhận được khi chuyển giao, chuyển quyền sử dụng các đối tượng của quyền sở hữu trí tuệ, chuyển giao công nghệ theo từng đồng. hợp 3. Thời điểm xác định thu nhập tính thuế từ tiền bản quyền là thời điểm tổ chức, cánhân trả thunhập chongười nộp thuế. Điều 17. Thuế thu nhập cá nhân đối với thu nhập từ nhượng quyền thương mại 1. Thuế thu nhập cá nhân đối với thu nhập từ nhượng quyền thương mại của cá nhân cư trú được tính bằng thu nhập tính thuế nhân (x) với thuế suất 5%. 2. Thu nhập tính thuế từ nhượng quyền thương mại là phần thu nhập vượt trên 20 triệu đồng mà người nộp thuế nhận được theo từng hợp đồng nhượng quyền thương mại. 3. Thời điểm xác định thu nhập tính thuế từ nhượng quyền thương mại là thời điểm tổ chức, cá nhân trả thu nhập cho người nộp thuế. Điều 18. Thuế thu nhập cá nhân đối với thu nhập từ nhận thừa kế, quà tặng 1. Thuế thu nhập cá nhân đối với thu nhập từ nhận thừa kế, quả tặng"", ""score"": 0.7046, ""source"": ""Luật-109-2025-QH15.pdf"", ""chunk_id"": 12, ""doc_id"": ""Luật-109-2025-QH15_12""}, {""text"": ""về quản lý thuế. Chương II CĂN CỨ VÀ PHƯƠNG PHÁP TÍNH THUẾ Điều 6. Căn cứ tính thuế Căn cứ tính thuế là thu nhập tính thuế và thuế suất. Điều 7. Xác định thu nhập tính thuế 1. Thu nhập tính thuế trong kỳ tính thuế được xác định như sau: 2. Thu nhập chịu thuế quy định tại khoản 1 Điều này được xác định như sau: 3. Doanh nghiệp có nhiều hoạt động sản xuất, kinh doanh trong kỳ tính thuế thì thu nhập chịu thuế từ hoạt động sản xuất, kinh doanh là tổng thu nhập của tất cả các hoạt động sản xuất, kinh doanh. Trường hợp có hoạt động sản xuất, kinh doanh bị lỗ thì được bù trừ số lỗ vào thu nhập chịu thuế của các hoạt động sản xuất, kinh doanh có thu nhập do doanh nghiệp tự lựa chọn (trừ thu nhập từ hoạt động chuyển nhượng bất động sản, chuyển nhượng dự án đầu tư, chuyển nhượng quyền tham gia dự án đầu tư không bù trừ với thu nhập của hoạt động sản xuất, kinh doanh đang được hưởng ưu đãi thuế). Phần thu nhập còn lại sau khi bù trừ áp dụng mức thuế suất thuế thu nhập doanh nghiệp của hoạt động sản xuất, kinh doanh còn thu nhập. 4. Thu nhập chịu thuế từ hoạt động chuyển nhượng dự án đầu tư thăm dò, khai thác, chế biến khoáng sản; chuyển nhượng quyền tham gia dự án đầu tư thăm dò, khai thác, chế biến khoáng sản; chuyển nhượng quyền thăm dò, khai thác, chế biến khoáng sản phải xác định riêng để kê khai nộp thuế, không được bù trừ lỗ, lãi với hoạt động sản xuất, kinh doanh trong kỳ tính thuế. Điều 8. Doanh thu 1. Doanh thu để tính thu nhập chịu thuế là toàn bộ tiền bán hàng, tiền gia công, tiền cung ứng dịch vụ kể cả trợ giá, phụ thu, phụ trội mà doanh nghiệp được hưởng, không phân biệt đã thu được tiền hay chưa thu được tiền. 2. Chính phủ quy định chi tiết Điều này. Điều 9. Các khoản chi được trừ và không được trừ khi xác định thu nhập chịu thuế 1. Trừ các khoản chi quy định tại khoản 2 Điều này, doanh nghiệp được trừ các khoản chi khi xác"", ""score"": 0.7005, ""source"": ""luat-67-2025-qh15_1809150248.docx"", ""chunk_id"": 7, ""doc_id"": ""luat-67-2025-qh15_1809150248_7""}, {""text"": ""quyền thương mại là thời điểm tổ chức, cá nhân trả thu nhập cho người nộp thuế. Điều 18. Thuế thu nhập cá nhân đối với thu nhập từ nhận thừa kế, quà tặng 1. Thuế thu nhập cá nhân đối với thu nhập từ nhận thừa kế, quả tặng của cá nhân cư trú được xác định bằng thu nhập tính thuế nhân (x) với thuế suất 10%. 2. Thu nhập tính thuế từ nhận thừa kế, quà tặng là phần giá trị tài sản thừa kế, quà tặng vượt trên 20 triệu đồng mà người nộp thuế nhận được theo từng lần phát sinh. 3. Thời điểm xác định thu nhập tính thuế được quy định như sau: a) Đối với thu nhập từ nhận thừa kế là thời điểm người nộp thuế nhận được thừa kế; b) Đối với thu nhập từ nhận quà tặng là thời điểm tổ chức, cá nhân tặng chongười nộp thuế hoặc thời điểmngười nộp thuếnhận được thu nhập. 4. Chính phủ quy định chi tiết Điều này. Điều 19. Thuế thu nhập cá nhân đối với thu nhập khác 1. Thuế thu nhập cá nhân đối với thu nhập khác của cá nhân cư trú quy định tại các điểm a, b và c khoản 10 Điều 3 của Luật này được xác định bằng thu 12 nhập tính thuế nhân (x) với thuế suất 5%. Trong đó, thu nhập tính thuế là phần thu nhập vượt trên 20 triệu đồng mà người nộp thuế nhận được theo từng lần phát sinh. 2. Thuế thu nhập cá nhân đối với thu nhập khác của cá nhân cư trú quy định tại điểm d và điểm đ khoản 10 Điều 3 của Luật này được xác định bằng giá chuyển nhượng nhân (x) với thuế suất0,1%. 3. Thời điểm xác định thu nhập tính thuế là thời điểm tổ chức, cá nhân chỉ trả thu nhập cho người nộp thuế hoặc thời điểm người nộp thuế nhận được thu nhập. 4. Chính phủ quy định chi tiết Điều này. Chương III CĂN CỨ TÍNH THUÉ ĐÓI VỚI CÁ NHÂN KHÔNG CƯ TRÚ Điều 20. Thuế thu nhập cá nhân đối với thu nhập từ kinh doanh 1. Thuế thu nhập cá nhân đối với thu nhập từ kinh doanh của cá nhân không cư trú được xác định bằng doanh thu từ"", ""score"": 0.7003, ""source"": ""Luật-109-2025-QH15.pdf"", ""chunk_id"": 13, ""doc_id"": ""Luật-109-2025-QH15_13""}], ""mode"": ""rag""}, ""no_rag"": {""question"": ""Thu nhập tính thuế từ tiền bản quyền được xác định như thế nào?"", ""answer"": ""Theo quy định của pháp luật Việt Nam về thuế thu nhập cá nhân (TNCN), thu nhập tính thuế từ tiền bản quyền được xác định cụ thể như sau:\n\n**1. Công thức xác định Thu nhập tính thuế từ tiền bản quyền:**\n\nThu nhập tính thuế từ tiền bản quyền được xác định bằng cách lấy tổng số tiền bản quyền nhận được (thu nhập chịu thuế) trừ đi 10% của tổng số tiền bản quyền đó.\n\nHay công thức đơn giản hơn:\n\n**Thu nhập tính thuế = Thu nhập chịu thuế từ tiền bản quyền X (nhân) 90%**\n\nTrong đó:\n\n*   **Thu nhập chịu thuế từ tiền bản quyền:** Là toàn bộ số tiền bản quyền mà cá nhân nhận được từ việc chuyển giao, chuyển quyền sử dụng các đối tượng quyền sở hữu trí tuệ, công nghệ theo quy định của pháp luật, không trừ bất kỳ khoản chi phí nào. Các đối tượng quyền sở hữu trí tuệ bao gồm:\n    *   Quyền tác giả (sách, báo, tác phẩm nghệ thuật, phần mềm, v.v.).\n    *   Quyền liên quan đến quyền tác giả.\n    *   Quyền sở hữu công nghiệp (sáng chế, kiểu dáng công nghiệp, nhãn hiệu, v.v.).\n    *   Quyền đối với giống cây trồng.\n    *   Các đối tượng quyền sở hữu trí tuệ khác theo quy định pháp luật.\n    *   Chuyển giao công nghệ.\n\n*   **Mức giảm trừ 10%:** Đây là khoản giảm trừ mang tính chất khoán, áp dụng cho loại thu nhập này, không phụ thuộc vào chi phí thực tế mà cá nhân bỏ ra để tạo ra bản quyền.\n\n**2. Căn cứ pháp lý:**\n\nQuy định này được nêu tại Khoản 2 Điều 10 Thông tư số 111/2013/TT-BTC ngày 15/08/2013 của Bộ Tài chính hướng dẫn thực hiện Luật Thuế thu nhập cá nhân và Nghị định số 65/2013/NĐ-CP của Chính phủ.\n\n**3. Mức thuế suất áp dụng:**\n\nSau khi xác định được thu nhập tính thuế, mức thuế suất thuế TNCN áp dụng cho thu nhập từ tiền bản quyền là **5%** trên thu nhập tính thuế.\n\n**Ví dụ minh họa:**\n\nÔng A là tác giả của một cuốn sách và nhận được tiền bản quyền từ nhà xuất bản là 100.000.000 đồng (một trăm triệu đồng).\n\n1.  **Thu nhập chịu thuế từ tiền bản quyền của Ông A là:** 100.000.000 đồng.\n2.  **Thu nhập tính thuế từ tiền bản quyền của Ông A được xác định là:**\n    100.000.000 đồng X (nhân) 90% = 90.000.000 đồng.\n3.  **Số thuế TNCN Ông A phải nộp là:**\n    90.000.000 đồng X (nhân) 5% = 4.500.000 đồng (bốn triệu năm trăm nghìn đồng).\n\n**Lưu ý quan trọng:**\n\n*   Khoản thuế này thường được tổ chức, cá nhân chi trả tiền bản quyền (ví dụ: nhà xuất bản, công ty phần mềm) khấu trừ trực tiếp tại nguồn trước khi chi trả cho cá nhân nếu số tiền chi trả vượt quá 10.000.000 đồng (mười triệu đồng) cho mỗi lần chi trả hoặc mỗi hợp đồng.\n*   Trong trường hợp cá nhân nhận tiền bản quyền nhiều lần từ cùng một hợp đồng hoặc từ nhiều hợp đồng khác nhau trong năm, việc tính thuế được thực hiện theo nguyên tắc nêu trên cho từng lần nhận tiền bản quyền."", ""retrieved"": [], ""mode"": ""no_rag""}}",
Thuế suất áp dụng cho cá nhân kinh doanh có doanh thu từ 3 tỷ đến 50 tỷ đồng là bao nhiêu?,Cá nhân kinh doanh có doanh thu năm trên 03 tỷ đồng đến 50 tỷ đồng áp dụng thuế suất 17%.,Thuế suất áp dụng cho cá nhân kinh doanh có doanh thu năm trên 03 tỷ đồng đến 50 tỷ đồng là 17% (Luật-109-2025-QH15.pdf).,"Chào bạn,

Đối với cá nhân kinh doanh có doanh thu từ 3 tỷ đến 50 tỷ đồng, thuế suất áp dụng sẽ bao gồm Thuế giá trị gia tăng (GTGT) và Thuế thu nhập cá nhân (TNCN). Mức thuế suất này được xác định dựa trên **ngành nghề, lĩnh vực kinh doanh** của cá nhân, chứ không phải dựa vào các ngưỡng doanh thu cụ thể trong khoảng 3 tỷ đến 50 tỷ đồng.

Các mức thuế suất áp dụng được quy định chi tiết trong **Thông tư 40/2021/TT-BTC** của Bộ Tài chính, hướng dẫn về thuế giá trị gia tăng, thuế thu nhập cá nhân và quản lý thuế đối với hộ kinh doanh, cá nhân kinh doanh.

Dưới đây là bảng tổng hợp các mức thuế suất phổ biến áp dụng cho cá nhân kinh doanh:

| Ngành nghề, lĩnh vực kinh doanh                                  | Thuế suất GTGT | Thuế suất TNCN | Tổng thuế suất áp dụng trên doanh thu |
| :--------------------------------------------------------------- | :-------------: | :------------: | :-----------------------------------: |
| Phân phối, cung cấp hàng hóa                                     | 1%              | 0.5%           | 1.5%                                  |
| Dịch vụ, xây dựng không bao thầu nguyên vật liệu                | 5%              | 2%             | 7%                                    |
| Sản xuất, vận tải, dịch vụ có gắn với hàng hóa, xây dựng có bao thầu nguyên vật liệu | 3%              | 1.5%           | 4.5%                                  |
| Hoạt động kinh doanh khác (không thuộc các ngành trên)           | 2%              | 1%             | 3%                                    |

**Lưu ý quan trọng:**

1.  **Tính trên doanh thu tính thuế:** Các mức thuế suất này được áp dụng trên doanh thu tính thuế của cá nhân kinh doanh trong kỳ.
2.  **Ngưỡng doanh thu chịu thuế:** Cá nhân kinh doanh có doanh thu trên 100 triệu đồng mỗi năm dương lịch mới phải nộp thuế GTGT và thuế TNCN. Doanh thu của bạn nằm trong khoảng 3 tỷ đến 50 tỷ đồng, do đó chắc chắn phải nộp các loại thuế này.
3.  **Phương pháp tính thuế:** Với mức doanh thu lớn như vậy, cá nhân kinh doanh thường áp dụng phương pháp kê khai hoặc cơ quan thuế sẽ áp dụng phương pháp khoán theo hướng dẫn chi tiết của pháp luật về thuế. Đối với phương pháp kê khai, cá nhân tự xác định doanh thu và các nghĩa vụ thuế.
4.  **Các loại phí khác:** Ngoài thuế GTGT và thuế TNCN, cá nhân kinh doanh còn có thể phải nộp Lệ phí môn bài (mức lệ phí phụ thuộc vào doanh thu hoặc vốn đầu tư), và một số loại thuế, phí khác tùy thuộc vào ngành nghề kinh doanh cụ thể (ví dụ: thuế bảo vệ môi trường, phí cấp phép...).
5.  **Cập nhật quy định:** Các quy định về thuế có thể thay đổi theo thời gian. Do đó, bạn nên tham khảo các văn bản pháp luật hiện hành nhất hoặc liên hệ trực tiếp với cơ quan thuế địa phương hoặc chuyên gia tư vấn thuế để có thông tin chính xác và cụ thể nhất cho trường hợp của mình.

Tóm lại, để biết chính xác thuế suất áp dụng cho trường hợp của bạn, bạn cần xác định rõ **ngành nghề kinh doanh chính** của mình.","[""không phải nộp thuế thu nhập cá nhân. Chính phủ trình Ủy ban Thường vụ Quốc hội điều chỉnh mức doanh thu không phải nộp thuế thu nhập cá nhân phù hợp với tình hình kinh tế xã hội trong từng thời kỳ. 7 2. Thuế thu nhập cá nhân đối với thu nhập từ kinh doanh của cá nhân cư trú có doanh thu năm trên mức quy định tại khoản 1 Điều này được xác định bằng thu nhập tính thuế nhân (x) với thuế suất. Trong đó: a) Thu nhập tính thuế được xác định bằng doanh thu củahàng hóa, dịch vụ bán ra trừ (-) đi chi phí liên quan đến hoạt động sản xuất, kinh doanh trong kỳ thuế; tính b) Cá nhân kinh doanh có doanh thu năm trên mức quy định tại khoản 1 Điều này đến 03 tỷ đồng: thuế suất 15%; c) Cá nhân kinh doanh có doanh thu năm trên 03 tỷ đồng đến 50 tỷ đồng: thuế suất 17%; d) Cá nhân kinh doanh có doanh thu năm trên 50 tỷ đồng: thuế suất 20%. Thu nhập từ cho thuê bất động sản quy định tại khoản 4 Điều này không áp dụng cách tính thuế quy định tại khoản này. 3. Cá nhân kinh doanh có doanh thu năm trên mức quy định tại khoản 1 Điều này đến 03 tỷ đồng được lựa chọn nộp thuế theo quy định tại điểm a và điểm b khoản 2 Điều này hoặc nộp thuế theo thuế suất nhân (x) với doanh thu tính thuế. Doanh thu tính thuế và thuế suất được xác định như sau: a) Doanh thu tính thuế được xác định bằng phần doanh thu vượt trên mức quy định tại khoản 1 Điều này; b) Phân phối, cung cấp hàng hoá: thuế suất 0,5%; c) Dịch vụ, xây dựng không bao thầu nguyên vật liệu: thuế suất 2%. Riêng hoạt động cho thuê tài sản, đại lý bảo hiểm, đại lý xổ số, đại lý bán hàng đa cấp: thuế suất 5%; d) Sản xuất, vận tải, dịch vụ có gắn với hàng hoá, xây dựng có bao thầu nguyênvật liệu: thuế suất 1,5%; đ) Hoạt động cung cấp sản phẩm và dịch vụ nội dung thông tin số về giải trí, trò chơi điện tử, phim số, ảnh số, nhạc số, quảng cáo số:"", ""Tài chính quy định hồ sơ của khoản chi được tính vào chi phí được trừ quy định tại điểm b, điểm c khoản 1 Điều này. Điều 10. Thuế suất 1. Thuế suất thuế thu nhập doanh nghiệp là 20%, trừ trường hợp quy định tại các khoản 2, 3 và 4 Điều này và đối tượng được ưu đãi về thuế suất quy định tại Điều 13 của Luật này. 2. Thuế suất 15% áp dụng đối với doanh nghiệp có tổng doanh thu năm không quá 03 tỷ đồng. 3. Thuế suất 17% áp dụng đối với doanh nghiệp có tổng doanh thu năm từ trên 03 tỷ đồng đến không quá 50 tỷ đồng. Doanh thu làm căn cứ xác định doanh nghiệp thuộc đối tượng được áp dụng thuế suất 15% và 17% quy định tại khoản 2, khoản 3 Điều này là tổng doanh thu của kỳ tính thuế thu nhập doanh nghiệp trước liền kề. Việc xác định tổng doanh thu làm căn cứ áp dụng thực hiện theo quy định của Chính phủ. 4. Thuế suất thuế thu nhập doanh nghiệp đối với một số trường hợp khác được quy định như sau: a) Đối với hoạt động tìm kiếm, thăm dò và khai thác dầu khí từ 25% đến 50%. Căn cứ vào vị trí, điều kiện khai thác và trữ lượng mỏ, Thủ tướng Chính phủ quyết định mức thuế suất cụ thể phù hợp với từng hợp đồng dầu khí; b) Đối với hoạt động thăm dò, khai thác tài nguyên quý hiếm (bao gồm: bạch kim, vàng, bạc, thiếc, wonfram, antimoan, đá quý, đất hiếm và tài nguyên quý hiếm khác theo quy định của pháp luật) là 50%. Trường hợp các mỏ có từ 70% diện tích được giao trở lên ở địa bàn có điều kiện kinh tế - xã hội đặc biệt khó khăn, thuế suất là 40%. Điều 11. Phương pháp tính thuế 1. Số thuế thu nhập doanh nghiệp phải nộp trong kỳ tính thuế được tính bằng thu nhập tính thuế nhân với thuế suất, trừ trường hợp quy định tại khoản 2 Điều này. 2. Chính phủ quy định số thuế thu nhập doanh nghiệp phải nộp tính theo tỷ lệ % trên doanh thu đối với các trường hợp sau đây: a) Doanh nghiệp quy định tại điểm c, điểm"", ""vận tải, dịch vụ có gắn với hàng hoá, xây dựng có bao thầu nguyênvật liệu: thuế suất 1,5%; đ) Hoạt động cung cấp sản phẩm và dịch vụ nội dung thông tin số về giải trí, trò chơi điện tử, phim số, ảnh số, nhạc số, quảng cáo số: thuế suất 5%; e) Hoạt động kinh doanh khác: thuế suất 1%. 4. Cá nhân cho thuê bất động sản, trừ hoạt động kinh doanh lưu trú, nộp thuế thu nhập cá nhân được xác định bằng phần doanh thu vượt trên mức quy định tại khoản 1 Điều này nhân (x) với thuế suất 5%. 5. Chính phủ quy định chi tiết Điều này. 8 Điều 8. Thuế thu nhập cá nhân đối với thu nhập từ tiền lương, tiền công 1. Thuế thu nhập cá nhân đối với thu nhập từ tiền lương, tiền công của cá nhân trú được xác định bằng thu nhập tính thuế quy định tại khoản 2 Điều cư này, không phân biệt nơi trả thu nhập, nhân (x) với thuế suất tại Biểu thuế lũy tiến từng phần quy định tại Điều 9 của Luật này. 2. Thu nhập tính thuế đối với thu nhập từ tiền lương, tiền công là tổng thu nhập chịu thuế quy định tại khoản 2 Điều 3 của Luật này mà người nộp thuế nhận được trong kỳ tính thuế, trừ (-) đi các khoản đóng góp bảo hiểm xã hội, bảo hiểm y tế, bảo hiểm thất nghiệp, bảo hiểm trách nhiệm nghề nghiệp đối với một số ngành, nghề phải tham gia bảo hiểm bắt buộc, khoản đóng góp tham gia bảo hiểm hưu trí bổ sung theo quy định của Luật Bảo hiểm xã hội, mua bảo hiểm hưu trí tự nguyện, bảo hiểm nhân thọ không vượt quá mức do Chính phủ quy định và các khoản giảm trừ quy định tại Điều 10 và Điều 11 của Luật này. 3. Thời điểm xác định thu nhập tính thuế từ tiền lương, tiền công là thời điểm tổ chức, cá nhân trả thu nhập cho người nộp thuế hoặc thời điểm người nộp thuế nhận được thu nhập. Điều 9. Biểu thuế luỹ tiến từng phần 1. Biểu thuế luỹ tiến từng phần áp dụng đối với thu nhập tính thuế quy định tại khoản 2 Điều 8 của Luật này. 2."", ""thiếc, wonftam, antimoan, đá quý, đất hiếm và tài nguyên quý hiếm khác theo quy định của pháp luật) là 50%. Trường hợp các mỏ có từ 70% diện tích được giao trở lên ở địa bàn có điều kiện kinh tế - xã hội đặc biệt khó khăn, thuế suất là 40%. Điều 11. Phương pháp tính thuế 1. Số thuế thu nhập doanh nghiệp phải nộp trong kỳ tính thuế được tính bằng thu nhập tính thuế nhân với thuế suất, trừ trường hợp quy định tại khoản 2 Điều này. 2. Chính phủ quy định số thuế thu nhập doanh nghiệp phải nộp tính theo tỷ lệ % trên doanh thu đối với các trường hợp sau đây: a) Doanh nghiệp quy định tại điểm c, điểm d khoản 2 Điều 2 của Luật này; đối tượng thực hiện nghĩa vụ kê khai, nộp thuế, thời điểm và cách xác định doanh thu tính thu nhập chịu thuế phát sinh tại Việt Nam; b) Doanh nghiệp có tổng doanh thu năm không quá 03 tỷ đồng quy định tại khoản 2 Điều 10 của Luật này trong trường hợp xác định được doanh thu nhưng không xác định được chỉ phí, thu nhập của hoạt động sản xuất, kinh doanh; c) Hợp tác xã, liên hiệp hợp tác xã, đơn vị sự nghiệp và tổ chức khác quy định tại các điểm c, d và đ khoản 1 Điều 2 của Luật này có hoạt động sản xuất, kinh doanh hàng hoá, dịch vụ có thu nhập chịu thuế thu nhập doanh nghiệp (trừ thu nhập được miễn thuế quy định tại Điều 4 của Luật này) mà các đơn vị này hạch toán được doanh thu nhưng không xác định được chỉ phí, thu nhập của hoạt động sản xuất, kinh doanh. lãi Chương II ƯU ĐÃI THUÉ THU NHẬP DOANH NGHIỆP Điều 12. Nguyên tắc, đối tượng áp dụng ưu đãi thuế thu nhập doanh nghiệp 1. Doanh nghiệp được hưởng ưu đãi thuế thu nhập doanh nghiệp theo ngành, nghề ưu đãi thuế thu nhập doanh nghiệp, địa bàn ưu đãi thuế thu nhập doanh nghiệp quy định tại Điều này. Mức ưu đãi thuế thu nhập doanh nghiệp thực hiện theo quy định tại Điều 13, Điều 14 của Luật này. Trường hợp luật khác có quy định về ưu đãi thuế thu"", ""CỨ TÍNH THUÉ ĐÓI VỚI CÁ NHÂN KHÔNG CƯ TRÚ Điều 20. Thuế thu nhập cá nhân đối với thu nhập từ kinh doanh 1. Thuế thu nhập cá nhân đối với thu nhập từ kinh doanh của cá nhân không cư trú được xác định bằng doanh thu từ hoạt động kinh doanh quy định tại khoản 2 Điều này nhân (x) với thuế suất quy định tại khoản 3 Điều này. 2. Doanh thu là toàn bộ tiền bán hàng, tiền gia công, tiền cung ứng dịch vụ kể cả trợgiá, phụ thu, phụ trội mà cá nhân được hưởng, không phân biệt đã thu được tiền hay chưa thu được tiền, bao gồm cả chi phí do bên mua hàng hoá, dịch vụ trả thay cho cá nhân không cư trú mà không được hoàn trả. Trường hợp thoả thuận hợp đồng không bao gồm thuế thu nhập cá nhân thì doanh thu tính thuế phải quy đổi là toàn bộ số tiền mà cá nhân không cư trú nhận được dưới bất kỳ hình thức nào từ việc cung cấp hàng hoá, dịch vụ tại Việt Nam không phụ thuộc vào địa điểm tiến hành các hoạt động kinh doanh. 3. Thuế suất: phối, a) Phân cung cấp hàng hoá: 1%; b) Dịch vụ, xây dựng không bao thầu nguyên vật liệu: 5%; c) Sản xuất, vận tải, dịch vụ có gắn với hàng hoá, xây dựng có bao thầu nguyên vật liệu: 2%; d) Hoạt động cung cấp sản phẩm và dịch vụ nội dung thông tin số về giải trí, trò chơi điện tử, phim số, ảnh số, nhạc số, quảng cáo: 5%; đ) Hoạt động kinh doanh khác: 2%. Điều 21. Thuế thu nhập cá nhân đối với thu nhập từ tiền lương, tiền công Thuế thu nhập cá nhân đối với thu nhập từ tiền lương, tiền công của cá nhân không trú được xác địnhbằng tổng số tiền lương, tiền công mà cá nhân cư --- Bổ sung dữ liệu từ Điều 9 (biểu thuế lũy tiến từng phần) --Bậc 1: Thu nhập tính thuế đến 120 triệu đồng/năm (đến 10 triệu đồng/tháng) – Thuế suất 5% Bậc 2: Thu nhập tính thuế trên 120 đến 360 triệu đồng/năm (trên 10 đến 30 triệu đồng/tháng) – Thuế suất 10% Bậc 3: Thu nhập tính thuế trên 360 đến 720 triệu đồng/năm""]","{""question"": ""Thuế suất áp dụng cho cá nhân kinh doanh có doanh thu từ 3 tỷ đến 50 tỷ đồng là bao nhiêu?"", ""rag"": {""question"": ""Thuế suất áp dụng cho cá nhân kinh doanh có doanh thu từ 3 tỷ đến 50 tỷ đồng là bao nhiêu?"", ""answer"": ""Thuế suất áp dụng cho cá nhân kinh doanh có doanh thu năm trên 03 tỷ đồng đến 50 tỷ đồng là 17% (Luật-109-2025-QH15.pdf)."", ""retrieved"": [{""text"": ""không phải nộp thuế thu nhập cá nhân. Chính phủ trình Ủy ban Thường vụ Quốc hội điều chỉnh mức doanh thu không phải nộp thuế thu nhập cá nhân phù hợp với tình hình kinh tế xã hội trong từng thời kỳ. 7 2. Thuế thu nhập cá nhân đối với thu nhập từ kinh doanh của cá nhân cư trú có doanh thu năm trên mức quy định tại khoản 1 Điều này được xác định bằng thu nhập tính thuế nhân (x) với thuế suất. Trong đó: a) Thu nhập tính thuế được xác định bằng doanh thu củahàng hóa, dịch vụ bán ra trừ (-) đi chi phí liên quan đến hoạt động sản xuất, kinh doanh trong kỳ thuế; tính b) Cá nhân kinh doanh có doanh thu năm trên mức quy định tại khoản 1 Điều này đến 03 tỷ đồng: thuế suất 15%; c) Cá nhân kinh doanh có doanh thu năm trên 03 tỷ đồng đến 50 tỷ đồng: thuế suất 17%; d) Cá nhân kinh doanh có doanh thu năm trên 50 tỷ đồng: thuế suất 20%. Thu nhập từ cho thuê bất động sản quy định tại khoản 4 Điều này không áp dụng cách tính thuế quy định tại khoản này. 3. Cá nhân kinh doanh có doanh thu năm trên mức quy định tại khoản 1 Điều này đến 03 tỷ đồng được lựa chọn nộp thuế theo quy định tại điểm a và điểm b khoản 2 Điều này hoặc nộp thuế theo thuế suất nhân (x) với doanh thu tính thuế. Doanh thu tính thuế và thuế suất được xác định như sau: a) Doanh thu tính thuế được xác định bằng phần doanh thu vượt trên mức quy định tại khoản 1 Điều này; b) Phân phối, cung cấp hàng hoá: thuế suất 0,5%; c) Dịch vụ, xây dựng không bao thầu nguyên vật liệu: thuế suất 2%. Riêng hoạt động cho thuê tài sản, đại lý bảo hiểm, đại lý xổ số, đại lý bán hàng đa cấp: thuế suất 5%; d) Sản xuất, vận tải, dịch vụ có gắn với hàng hoá, xây dựng có bao thầu nguyênvật liệu: thuế suất 1,5%; đ) Hoạt động cung cấp sản phẩm và dịch vụ nội dung thông tin số về giải trí, trò chơi điện tử, phim số, ảnh số, nhạc số, quảng cáo số:"", ""score"": 0.7903, ""source"": ""Luật-109-2025-QH15.pdf"", ""chunk_id"": 7, ""doc_id"": ""Luật-109-2025-QH15_7""}, {""text"": ""Tài chính quy định hồ sơ của khoản chi được tính vào chi phí được trừ quy định tại điểm b, điểm c khoản 1 Điều này. Điều 10. Thuế suất 1. Thuế suất thuế thu nhập doanh nghiệp là 20%, trừ trường hợp quy định tại các khoản 2, 3 và 4 Điều này và đối tượng được ưu đãi về thuế suất quy định tại Điều 13 của Luật này. 2. Thuế suất 15% áp dụng đối với doanh nghiệp có tổng doanh thu năm không quá 03 tỷ đồng. 3. Thuế suất 17% áp dụng đối với doanh nghiệp có tổng doanh thu năm từ trên 03 tỷ đồng đến không quá 50 tỷ đồng. Doanh thu làm căn cứ xác định doanh nghiệp thuộc đối tượng được áp dụng thuế suất 15% và 17% quy định tại khoản 2, khoản 3 Điều này là tổng doanh thu của kỳ tính thuế thu nhập doanh nghiệp trước liền kề. Việc xác định tổng doanh thu làm căn cứ áp dụng thực hiện theo quy định của Chính phủ. 4. Thuế suất thuế thu nhập doanh nghiệp đối với một số trường hợp khác được quy định như sau: a) Đối với hoạt động tìm kiếm, thăm dò và khai thác dầu khí từ 25% đến 50%. Căn cứ vào vị trí, điều kiện khai thác và trữ lượng mỏ, Thủ tướng Chính phủ quyết định mức thuế suất cụ thể phù hợp với từng hợp đồng dầu khí; b) Đối với hoạt động thăm dò, khai thác tài nguyên quý hiếm (bao gồm: bạch kim, vàng, bạc, thiếc, wonfram, antimoan, đá quý, đất hiếm và tài nguyên quý hiếm khác theo quy định của pháp luật) là 50%. Trường hợp các mỏ có từ 70% diện tích được giao trở lên ở địa bàn có điều kiện kinh tế - xã hội đặc biệt khó khăn, thuế suất là 40%. Điều 11. Phương pháp tính thuế 1. Số thuế thu nhập doanh nghiệp phải nộp trong kỳ tính thuế được tính bằng thu nhập tính thuế nhân với thuế suất, trừ trường hợp quy định tại khoản 2 Điều này. 2. Chính phủ quy định số thuế thu nhập doanh nghiệp phải nộp tính theo tỷ lệ % trên doanh thu đối với các trường hợp sau đây: a) Doanh nghiệp quy định tại điểm c, điểm"", ""score"": 0.7326, ""source"": ""luat-67-2025-qh15_1809150248.docx"", ""chunk_id"": 12, ""doc_id"": ""luat-67-2025-qh15_1809150248_12""}, {""text"": ""vận tải, dịch vụ có gắn với hàng hoá, xây dựng có bao thầu nguyênvật liệu: thuế suất 1,5%; đ) Hoạt động cung cấp sản phẩm và dịch vụ nội dung thông tin số về giải trí, trò chơi điện tử, phim số, ảnh số, nhạc số, quảng cáo số: thuế suất 5%; e) Hoạt động kinh doanh khác: thuế suất 1%. 4. Cá nhân cho thuê bất động sản, trừ hoạt động kinh doanh lưu trú, nộp thuế thu nhập cá nhân được xác định bằng phần doanh thu vượt trên mức quy định tại khoản 1 Điều này nhân (x) với thuế suất 5%. 5. Chính phủ quy định chi tiết Điều này. 8 Điều 8. Thuế thu nhập cá nhân đối với thu nhập từ tiền lương, tiền công 1. Thuế thu nhập cá nhân đối với thu nhập từ tiền lương, tiền công của cá nhân trú được xác định bằng thu nhập tính thuế quy định tại khoản 2 Điều cư này, không phân biệt nơi trả thu nhập, nhân (x) với thuế suất tại Biểu thuế lũy tiến từng phần quy định tại Điều 9 của Luật này. 2. Thu nhập tính thuế đối với thu nhập từ tiền lương, tiền công là tổng thu nhập chịu thuế quy định tại khoản 2 Điều 3 của Luật này mà người nộp thuế nhận được trong kỳ tính thuế, trừ (-) đi các khoản đóng góp bảo hiểm xã hội, bảo hiểm y tế, bảo hiểm thất nghiệp, bảo hiểm trách nhiệm nghề nghiệp đối với một số ngành, nghề phải tham gia bảo hiểm bắt buộc, khoản đóng góp tham gia bảo hiểm hưu trí bổ sung theo quy định của Luật Bảo hiểm xã hội, mua bảo hiểm hưu trí tự nguyện, bảo hiểm nhân thọ không vượt quá mức do Chính phủ quy định và các khoản giảm trừ quy định tại Điều 10 và Điều 11 của Luật này. 3. Thời điểm xác định thu nhập tính thuế từ tiền lương, tiền công là thời điểm tổ chức, cá nhân trả thu nhập cho người nộp thuế hoặc thời điểm người nộp thuế nhận được thu nhập. Điều 9. Biểu thuế luỹ tiến từng phần 1. Biểu thuế luỹ tiến từng phần áp dụng đối với thu nhập tính thuế quy định tại khoản 2 Điều 8 của Luật này. 2."", ""score"": 0.7318, ""source"": ""Luật-109-2025-QH15.pdf"", ""chunk_id"": 8, ""doc_id"": ""Luật-109-2025-QH15_8""}, {""text"": ""thiếc, wonftam, antimoan, đá quý, đất hiếm và tài nguyên quý hiếm khác theo quy định của pháp luật) là 50%. Trường hợp các mỏ có từ 70% diện tích được giao trở lên ở địa bàn có điều kiện kinh tế - xã hội đặc biệt khó khăn, thuế suất là 40%. Điều 11. Phương pháp tính thuế 1. Số thuế thu nhập doanh nghiệp phải nộp trong kỳ tính thuế được tính bằng thu nhập tính thuế nhân với thuế suất, trừ trường hợp quy định tại khoản 2 Điều này. 2. Chính phủ quy định số thuế thu nhập doanh nghiệp phải nộp tính theo tỷ lệ % trên doanh thu đối với các trường hợp sau đây: a) Doanh nghiệp quy định tại điểm c, điểm d khoản 2 Điều 2 của Luật này; đối tượng thực hiện nghĩa vụ kê khai, nộp thuế, thời điểm và cách xác định doanh thu tính thu nhập chịu thuế phát sinh tại Việt Nam; b) Doanh nghiệp có tổng doanh thu năm không quá 03 tỷ đồng quy định tại khoản 2 Điều 10 của Luật này trong trường hợp xác định được doanh thu nhưng không xác định được chỉ phí, thu nhập của hoạt động sản xuất, kinh doanh; c) Hợp tác xã, liên hiệp hợp tác xã, đơn vị sự nghiệp và tổ chức khác quy định tại các điểm c, d và đ khoản 1 Điều 2 của Luật này có hoạt động sản xuất, kinh doanh hàng hoá, dịch vụ có thu nhập chịu thuế thu nhập doanh nghiệp (trừ thu nhập được miễn thuế quy định tại Điều 4 của Luật này) mà các đơn vị này hạch toán được doanh thu nhưng không xác định được chỉ phí, thu nhập của hoạt động sản xuất, kinh doanh. lãi Chương II ƯU ĐÃI THUÉ THU NHẬP DOANH NGHIỆP Điều 12. Nguyên tắc, đối tượng áp dụng ưu đãi thuế thu nhập doanh nghiệp 1. Doanh nghiệp được hưởng ưu đãi thuế thu nhập doanh nghiệp theo ngành, nghề ưu đãi thuế thu nhập doanh nghiệp, địa bàn ưu đãi thuế thu nhập doanh nghiệp quy định tại Điều này. Mức ưu đãi thuế thu nhập doanh nghiệp thực hiện theo quy định tại Điều 13, Điều 14 của Luật này. Trường hợp luật khác có quy định về ưu đãi thuế thu"", ""score"": 0.7166, ""source"": ""Luật-67-2025-QH15.pdf"", ""chunk_id"": 13, ""doc_id"": ""Luật-67-2025-QH15_13""}, {""text"": ""CỨ TÍNH THUÉ ĐÓI VỚI CÁ NHÂN KHÔNG CƯ TRÚ Điều 20. Thuế thu nhập cá nhân đối với thu nhập từ kinh doanh 1. Thuế thu nhập cá nhân đối với thu nhập từ kinh doanh của cá nhân không cư trú được xác định bằng doanh thu từ hoạt động kinh doanh quy định tại khoản 2 Điều này nhân (x) với thuế suất quy định tại khoản 3 Điều này. 2. Doanh thu là toàn bộ tiền bán hàng, tiền gia công, tiền cung ứng dịch vụ kể cả trợgiá, phụ thu, phụ trội mà cá nhân được hưởng, không phân biệt đã thu được tiền hay chưa thu được tiền, bao gồm cả chi phí do bên mua hàng hoá, dịch vụ trả thay cho cá nhân không cư trú mà không được hoàn trả. Trường hợp thoả thuận hợp đồng không bao gồm thuế thu nhập cá nhân thì doanh thu tính thuế phải quy đổi là toàn bộ số tiền mà cá nhân không cư trú nhận được dưới bất kỳ hình thức nào từ việc cung cấp hàng hoá, dịch vụ tại Việt Nam không phụ thuộc vào địa điểm tiến hành các hoạt động kinh doanh. 3. Thuế suất: phối, a) Phân cung cấp hàng hoá: 1%; b) Dịch vụ, xây dựng không bao thầu nguyên vật liệu: 5%; c) Sản xuất, vận tải, dịch vụ có gắn với hàng hoá, xây dựng có bao thầu nguyên vật liệu: 2%; d) Hoạt động cung cấp sản phẩm và dịch vụ nội dung thông tin số về giải trí, trò chơi điện tử, phim số, ảnh số, nhạc số, quảng cáo: 5%; đ) Hoạt động kinh doanh khác: 2%. Điều 21. Thuế thu nhập cá nhân đối với thu nhập từ tiền lương, tiền công Thuế thu nhập cá nhân đối với thu nhập từ tiền lương, tiền công của cá nhân không trú được xác địnhbằng tổng số tiền lương, tiền công mà cá nhân cư --- Bổ sung dữ liệu từ Điều 9 (biểu thuế lũy tiến từng phần) --Bậc 1: Thu nhập tính thuế đến 120 triệu đồng/năm (đến 10 triệu đồng/tháng) – Thuế suất 5% Bậc 2: Thu nhập tính thuế trên 120 đến 360 triệu đồng/năm (trên 10 đến 30 triệu đồng/tháng) – Thuế suất 10% Bậc 3: Thu nhập tính thuế trên 360 đến 720 triệu đồng/năm"", ""score"": 0.6931, ""source"": ""Luật-109-2025-QH15.pdf"", ""chunk_id"": 14, ""doc_id"": ""Luật-109-2025-QH15_14""}], ""mode"": ""rag""}, ""no_rag"": {""question"": ""Thuế suất áp dụng cho cá nhân kinh doanh có doanh thu từ 3 tỷ đến 50 tỷ đồng là bao nhiêu?"", ""answer"": ""Chào bạn,\n\nĐối với cá nhân kinh doanh có doanh thu từ 3 tỷ đến 50 tỷ đồng, thuế suất áp dụng sẽ bao gồm Thuế giá trị gia tăng (GTGT) và Thuế thu nhập cá nhân (TNCN). Mức thuế suất này được xác định dựa trên **ngành nghề, lĩnh vực kinh doanh** của cá nhân, chứ không phải dựa vào các ngưỡng doanh thu cụ thể trong khoảng 3 tỷ đến 50 tỷ đồng.\n\nCác mức thuế suất áp dụng được quy định chi tiết trong **Thông tư 40/2021/TT-BTC** của Bộ Tài chính, hướng dẫn về thuế giá trị gia tăng, thuế thu nhập cá nhân và quản lý thuế đối với hộ kinh doanh, cá nhân kinh doanh.\n\nDưới đây là bảng tổng hợp các mức thuế suất phổ biến áp dụng cho cá nhân kinh doanh:\n\n| Ngành nghề, lĩnh vực kinh doanh                                  | Thuế suất GTGT | Thuế suất TNCN | Tổng thuế suất áp dụng trên doanh thu |\n| :--------------------------------------------------------------- | :-------------: | :------------: | :-----------------------------------: |\n| Phân phối, cung cấp hàng hóa                                     | 1%              | 0.5%           | 1.5%                                  |\n| Dịch vụ, xây dựng không bao thầu nguyên vật liệu                | 5%              | 2%             | 7%                                    |\n| Sản xuất, vận tải, dịch vụ có gắn với hàng hóa, xây dựng có bao thầu nguyên vật liệu | 3%              | 1.5%           | 4.5%                                  |\n| Hoạt động kinh doanh khác (không thuộc các ngành trên)           | 2%              | 1%             | 3%                                    |\n\n**Lưu ý quan trọng:**\n\n1.  **Tính trên doanh thu tính thuế:** Các mức thuế suất này được áp dụng trên doanh thu tính thuế của cá nhân kinh doanh trong kỳ.\n2.  **Ngưỡng doanh thu chịu thuế:** Cá nhân kinh doanh có doanh thu trên 100 triệu đồng mỗi năm dương lịch mới phải nộp thuế GTGT và thuế TNCN. Doanh thu của bạn nằm trong khoảng 3 tỷ đến 50 tỷ đồng, do đó chắc chắn phải nộp các loại thuế này.\n3.  **Phương pháp tính thuế:** Với mức doanh thu lớn như vậy, cá nhân kinh doanh thường áp dụng phương pháp kê khai hoặc cơ quan thuế sẽ áp dụng phương pháp khoán theo hướng dẫn chi tiết của pháp luật về thuế. Đối với phương pháp kê khai, cá nhân tự xác định doanh thu và các nghĩa vụ thuế.\n4.  **Các loại phí khác:** Ngoài thuế GTGT và thuế TNCN, cá nhân kinh doanh còn có thể phải nộp Lệ phí môn bài (mức lệ phí phụ thuộc vào doanh thu hoặc vốn đầu tư), và một số loại thuế, phí khác tùy thuộc vào ngành nghề kinh doanh cụ thể (ví dụ: thuế bảo vệ môi trường, phí cấp phép...).\n5.  **Cập nhật quy định:** Các quy định về thuế có thể thay đổi theo thời gian. Do đó, bạn nên tham khảo các văn bản pháp luật hiện hành nhất hoặc liên hệ trực tiếp với cơ quan thuế địa phương hoặc chuyên gia tư vấn thuế để có thông tin chính xác và cụ thể nhất cho trường hợp của mình.\n\nTóm lại, để biết chính xác thuế suất áp dụng cho trường hợp của bạn, bạn cần xác định rõ **ngành nghề kinh doanh chính** của mình."", ""retrieved"": [], ""mode"": ""no_rag""}}",
Thuế suất đối với thu nhập từ tiền bản quyền là bao nhiêu?,Thuế thu nhập cá nhân đối với thu nhập từ tiền bản quyền của cá nhân cư trú được tính bằng thu nhập tính thuế nhân với thuế suất 5%.,"Thuế thu nhập cá nhân đối với thu nhập từ tiền bản quyền của cá nhân cư trú được tính bằng thu nhập tính thuế nhân (x) với thuế suất 5%. (Nguồn: Luật-109-2025-QH15.pdf, Điều 16 khoản 1)","Thuế suất đối với thu nhập từ tiền bản quyền (thu nhập từ chuyển nhượng bản quyền, chuyển giao công nghệ) tại Việt Nam được quy định như sau:

**Đối với cá nhân:**

*   **Thuế suất:** 5%
*   **Ngưỡng chịu thuế:** Thu nhập chịu thuế là phần thu nhập **vượt trên 10 triệu đồng** cho mỗi hợp đồng hoặc mỗi lần chuyển nhượng.
    *   Tức là, nếu thu nhập từ một hợp đồng bản quyền là 12 triệu đồng, thì chỉ 2 triệu đồng (12 triệu - 10 triệu) chịu thuế với thuế suất 5%.
    *   Nếu thu nhập từ một hợp đồng bản quyền là 8 triệu đồng, thì không phải nộp thuế thu nhập cá nhân.

Đây là loại thu nhập thuộc diện Thuế thu nhập cá nhân (TNCN) từ chuyển nhượng bản quyền, chuyển giao công nghệ theo quy định của Luật Thuế thu nhập cá nhân và các văn bản hướng dẫn thi hành (ví dụ: Thông tư 111/2013/TT-BTC của Bộ Tài chính).

**Đối với tổ chức, doanh nghiệp:**

Nếu một tổ chức, doanh nghiệp có thu nhập từ tiền bản quyền (doanh thu từ việc cấp phép, chuyển nhượng quyền sử dụng bản quyền hoặc quyền sở hữu trí tuệ khác), khoản thu nhập này sẽ được tính vào tổng doanh thu của doanh nghiệp và chịu **Thuế thu nhập doanh nghiệp (TNDN)** theo quy định hiện hành. Thuế suất TNDN phổ biến hiện nay là **20%** (có thể có ưu đãi đối với một số ngành nghề, lĩnh vực đặc thù).

**Tóm lại:**

*   **Cá nhân:** 5% trên phần thu nhập vượt 10 triệu đồng mỗi hợp đồng/lần chuyển nhượng.
*   **Doanh nghiệp:** Thu nhập này sẽ chịu thuế thu nhập doanh nghiệp với thuế suất chung là 20% (hoặc theo mức ưu đãi nếu có).

Để có thông tin chính xác nhất và phù hợp với trường hợp cụ thể của bạn, nên tham khảo Luật Thuế thu nhập cá nhân, Luật Thuế thu nhập doanh nghiệp và các văn bản hướng dẫn mới nhất, hoặc tìm sự tư vấn từ chuyên gia thuế.","[""thời điểm hợp đồng chuyển nhượng có hiệu lực theo quy định của pháp luật hoặc thời điểm đăng ký quyền sử dụng, quyền sở hữu bất động sản. 3. Chính phủ quy định chi tiết Điều này. Điều 15. Thuế thu nhập cá nhân đối với thu nhập từ trúng thưởng 1. Thuế thu nhập cá nhân đối với thu nhập từ trúng thưởng của cá nhân cư trú được xác định bằng thu nhập tính thuế nhân (x) với thuế suất 10%. 2. Thu nhập tính thuế từ trúng thưởng là phần giá trị giải thưởng vượt trên 20 triệu đồng mà người nộp thuế nhận được theo từng lần trúng thưởng. 11 3. Thời điểm xác định thu nhập tính thuế từ trúng thưởng là thời điểm tổ chức, cánhân trả thunhập cho người nộpthuế. Điều 16. Thuế thu nhập cá nhân đối với thu nhập từ tiền bản quyền 1. Thuế thu nhập cá nhân đối với thu nhập từ tiền bản quyền của cá nhân cư trú được tính bằng thu nhập tính thuế nhân (x) với thuế suất 5%. 2. Thu nhập tính thuế từ tiền bản quyền là phần thu nhập vượt trên 20 triệu đồng mà người nộp thuế nhận được khi chuyển giao, chuyển quyền sử dụng các đối tượng của quyền sở hữu trí tuệ, chuyển giao công nghệ theo từng đồng. hợp 3. Thời điểm xác định thu nhập tính thuế từ tiền bản quyền là thời điểm tổ chức, cánhân trả thunhập chongười nộp thuế. Điều 17. Thuế thu nhập cá nhân đối với thu nhập từ nhượng quyền thương mại 1. Thuế thu nhập cá nhân đối với thu nhập từ nhượng quyền thương mại của cá nhân cư trú được tính bằng thu nhập tính thuế nhân (x) với thuế suất 5%. 2. Thu nhập tính thuế từ nhượng quyền thương mại là phần thu nhập vượt trên 20 triệu đồng mà người nộp thuế nhận được theo từng hợp đồng nhượng quyền thương mại. 3. Thời điểm xác định thu nhập tính thuế từ nhượng quyền thương mại là thời điểm tổ chức, cá nhân trả thu nhập cho người nộp thuế. Điều 18. Thuế thu nhập cá nhân đối với thu nhập từ nhận thừa kế, quà tặng 1. Thuế thu nhập cá nhân đối với thu nhập từ nhận thừa kế, quả tặng"", ""5%. 10 2. Thu nhập tính thuế từ đầu tư vốn là tổng số các khoản thu nhập chịu thuế từ đầu tư vốn quy định tại khoản 3 Điều 3 của Luật này mà người nộp thuế nhận được theo từnglần phát sinh. 3. Thời điểm xác định thu nhập tính thuế từ đầu tư vốn là thời điểm tổ chức, cá nhân trả thu nhập cho người nộp thuế hoặc thời điểm người nộp thuế nhận được thu nhập. 4. Chính phủ quy định chi tiết Điều này. Điều 13. Thuế thu nhập cá nhân đối với thu nhập từ chuyển nhượng vốn 1. Thuế thu nhập cá nhân đối với thu nhập từ chuyển nhượng vốn của cá nhân cư trú được xác định bằng thu nhập tính thuế nhân (x) với thuế suất 20% theo từng lần chuyển nhượng. Trong đó, thu nhập tính thuế từ chuyển nhượng vốn được xác định bằng giá chuyển nhượng trừ (-) đi giá mua và các khoản chi phí hợp lý liên quan đến việc tạo ra thu nhập từ chuyển nhượng vốn. Trường hợp không xác định giá mua và các chi phí liên quan đến việc chuyển nhượng vốn thì thuế thu nhập cá nhân được xác định bằng giá chuyển nhượng nhân (x) với thuế suất2%. 2. Thuế thu nhập cá nhân đối với thu nhập từ chuyển nhượng chứng khoán được xác định bằng giá chuyển nhượng nhân (x) với thuế suất 0,1% theo từng lần chuyển nhượng. 3. Thời điểm xác định thu nhập tính thuế từ chuyển nhượng vốn là thời điểm giao dịch hoàn thành theo quy định của pháp luật. 4. Chính phủ quy định chi tiết Điều này. Điều 14. Thuế thu nhập cá nhân đối với thu nhập từ chuyển nhượng bất động sản 1. Thuế thu nhập cá nhân đối với thu nhập từ chuyển nhượng bất động sản của cánhân trú đượcxác định bằng giá chuyểnnhượngnhân (x) với thuế suất2%. cư 2. Thời điểm xác định thu nhập tính thuế từ chuyển nhượng bất động sản là thời điểm hợp đồng chuyển nhượng có hiệu lực theo quy định của pháp luật hoặc thời điểm đăng ký quyền sử dụng, quyền sở hữu bất động sản. 3. Chính phủ quy định chi tiết Điều này. Điều 15. Thuế thu nhập cá nhân đối với thu nhập từ"", ""vận tải, dịch vụ có gắn với hàng hoá, xây dựng có bao thầu nguyênvật liệu: thuế suất 1,5%; đ) Hoạt động cung cấp sản phẩm và dịch vụ nội dung thông tin số về giải trí, trò chơi điện tử, phim số, ảnh số, nhạc số, quảng cáo số: thuế suất 5%; e) Hoạt động kinh doanh khác: thuế suất 1%. 4. Cá nhân cho thuê bất động sản, trừ hoạt động kinh doanh lưu trú, nộp thuế thu nhập cá nhân được xác định bằng phần doanh thu vượt trên mức quy định tại khoản 1 Điều này nhân (x) với thuế suất 5%. 5. Chính phủ quy định chi tiết Điều này. 8 Điều 8. Thuế thu nhập cá nhân đối với thu nhập từ tiền lương, tiền công 1. Thuế thu nhập cá nhân đối với thu nhập từ tiền lương, tiền công của cá nhân trú được xác định bằng thu nhập tính thuế quy định tại khoản 2 Điều cư này, không phân biệt nơi trả thu nhập, nhân (x) với thuế suất tại Biểu thuế lũy tiến từng phần quy định tại Điều 9 của Luật này. 2. Thu nhập tính thuế đối với thu nhập từ tiền lương, tiền công là tổng thu nhập chịu thuế quy định tại khoản 2 Điều 3 của Luật này mà người nộp thuế nhận được trong kỳ tính thuế, trừ (-) đi các khoản đóng góp bảo hiểm xã hội, bảo hiểm y tế, bảo hiểm thất nghiệp, bảo hiểm trách nhiệm nghề nghiệp đối với một số ngành, nghề phải tham gia bảo hiểm bắt buộc, khoản đóng góp tham gia bảo hiểm hưu trí bổ sung theo quy định của Luật Bảo hiểm xã hội, mua bảo hiểm hưu trí tự nguyện, bảo hiểm nhân thọ không vượt quá mức do Chính phủ quy định và các khoản giảm trừ quy định tại Điều 10 và Điều 11 của Luật này. 3. Thời điểm xác định thu nhập tính thuế từ tiền lương, tiền công là thời điểm tổ chức, cá nhân trả thu nhập cho người nộp thuế hoặc thời điểm người nộp thuế nhận được thu nhập. Điều 9. Biểu thuế luỹ tiến từng phần 1. Biểu thuế luỹ tiến từng phần áp dụng đối với thu nhập tính thuế quy định tại khoản 2 Điều 8 của Luật này. 2."", ""quyền thương mại là thời điểm tổ chức, cá nhân trả thu nhập cho người nộp thuế. Điều 18. Thuế thu nhập cá nhân đối với thu nhập từ nhận thừa kế, quà tặng 1. Thuế thu nhập cá nhân đối với thu nhập từ nhận thừa kế, quả tặng của cá nhân cư trú được xác định bằng thu nhập tính thuế nhân (x) với thuế suất 10%. 2. Thu nhập tính thuế từ nhận thừa kế, quà tặng là phần giá trị tài sản thừa kế, quà tặng vượt trên 20 triệu đồng mà người nộp thuế nhận được theo từng lần phát sinh. 3. Thời điểm xác định thu nhập tính thuế được quy định như sau: a) Đối với thu nhập từ nhận thừa kế là thời điểm người nộp thuế nhận được thừa kế; b) Đối với thu nhập từ nhận quà tặng là thời điểm tổ chức, cá nhân tặng chongười nộp thuế hoặc thời điểmngười nộp thuếnhận được thu nhập. 4. Chính phủ quy định chi tiết Điều này. Điều 19. Thuế thu nhập cá nhân đối với thu nhập khác 1. Thuế thu nhập cá nhân đối với thu nhập khác của cá nhân cư trú quy định tại các điểm a, b và c khoản 10 Điều 3 của Luật này được xác định bằng thu 12 nhập tính thuế nhân (x) với thuế suất 5%. Trong đó, thu nhập tính thuế là phần thu nhập vượt trên 20 triệu đồng mà người nộp thuế nhận được theo từng lần phát sinh. 2. Thuế thu nhập cá nhân đối với thu nhập khác của cá nhân cư trú quy định tại điểm d và điểm đ khoản 10 Điều 3 của Luật này được xác định bằng giá chuyển nhượng nhân (x) với thuế suất0,1%. 3. Thời điểm xác định thu nhập tính thuế là thời điểm tổ chức, cá nhân chỉ trả thu nhập cho người nộp thuế hoặc thời điểm người nộp thuế nhận được thu nhập. 4. Chính phủ quy định chi tiết Điều này. Chương III CĂN CỨ TÍNH THUÉ ĐÓI VỚI CÁ NHÂN KHÔNG CƯ TRÚ Điều 20. Thuế thu nhập cá nhân đối với thu nhập từ kinh doanh 1. Thuế thu nhập cá nhân đối với thu nhập từ kinh doanh của cá nhân không cư trú được xác định bằng doanh thu từ"", ""thu nhập cho người nộp thuế hoặc thời điểm người nộp thuế nhận được thu nhập. Điều 9. Biểu thuế luỹ tiến từng phần 1. Biểu thuế luỹ tiến từng phần áp dụng đối với thu nhập tính thuế quy định tại khoản 2 Điều 8 của Luật này. 2. Biểu thuế luỹ tiến từng phần được quy định như sau: Bậc Phần thu nhập tính Phần thu nhập tính Thuê suât thuế thuế/năm thuế/tháng (%) (triệu đồng) (triệu đồng) 1 Đến 120 Đến 10 5 2 Trên 120 đến 360 Trên 10 đến 30 10 3 Trên 360 đến 720 Trên 30 đến 60 20 4 Trên 720 đến 1.200 Trên 60 đến 100 30 5 Trên 1.200 Trên 100 35 Điều 10. Giảm trừ gia cảnh 1. Giảm trừ gia cảnh là số tiền được trừ vào thu nhập chịu thuế trước khi tính thuế đối với thu nhập từ tiền lương, tiền công của người nộp thuế là cá nhân cư trú. Giảm trừ gia cảnh gồm: a) Mức giảm trừ đối với người nộp thuế là 15,5 triệu đồng/tháng (186 đồng/năm); triệu b) Mức giảm trừ đối với mỗi người phụ thuộc là 6,2 triệu đồng/tháng. 2. Căn cứ biến động của giá cả, thu nhập, Chính phủ trình Ủy ban Thường vụ Quốc hội quy định mức giảm trừ gia cảnh quy định tại khoản 1 Điều này phù 9 hợp với tình hình kinh tế xã hội trong từng thời kỳ. 3. Việc xác định mức giảm trừ gia cảnh đối với người phụ thuộc thực hiện theo nguyên tắc mỗi người phụ thuộc chỉ được tính giảm trừ một lần vào một người nộp thuế. 4. Người phụ thuộc là người mà người nộp thuế có trách nhiệm nuôi dưỡng, bao gồm: a) Con chưa thành niên; con là người mất năng lực hành vi dân sự, người khuyết tật, không có khả năng lao động; b) Các cá nhân không có thu nhập hoặc có thu nhập không vượt quá mức do Bộ trưởng Bộ Tài chính quy định, bao gồm con thành niên đang học đại học, cao đẳng, trung học chuyên nghiệp hoặc học nghề; vợ hoặc chồng không có khả năng lao động; bố, mẹ đã hết tuổi lao động hoặc không có khả năng lao động; những người khác không nơi nương tựa mà người nộp thuế phải""]","{""question"": ""Thuế suất đối với thu nhập từ tiền bản quyền là bao nhiêu?"", ""rag"": {""question"": ""Thuế suất đối với thu nhập từ tiền bản quyền là bao nhiêu?"", ""answer"": ""Thuế thu nhập cá nhân đối với thu nhập từ tiền bản quyền của cá nhân cư trú được tính bằng thu nhập tính thuế nhân (x) với thuế suất 5%. (Nguồn: Luật-109-2025-QH15.pdf, Điều 16 khoản 1)"", ""retrieved"": [{""text"": ""thời điểm hợp đồng chuyển nhượng có hiệu lực theo quy định của pháp luật hoặc thời điểm đăng ký quyền sử dụng, quyền sở hữu bất động sản. 3. Chính phủ quy định chi tiết Điều này. Điều 15. Thuế thu nhập cá nhân đối với thu nhập từ trúng thưởng 1. Thuế thu nhập cá nhân đối với thu nhập từ trúng thưởng của cá nhân cư trú được xác định bằng thu nhập tính thuế nhân (x) với thuế suất 10%. 2. Thu nhập tính thuế từ trúng thưởng là phần giá trị giải thưởng vượt trên 20 triệu đồng mà người nộp thuế nhận được theo từng lần trúng thưởng. 11 3. Thời điểm xác định thu nhập tính thuế từ trúng thưởng là thời điểm tổ chức, cánhân trả thunhập cho người nộpthuế. Điều 16. Thuế thu nhập cá nhân đối với thu nhập từ tiền bản quyền 1. Thuế thu nhập cá nhân đối với thu nhập từ tiền bản quyền của cá nhân cư trú được tính bằng thu nhập tính thuế nhân (x) với thuế suất 5%. 2. Thu nhập tính thuế từ tiền bản quyền là phần thu nhập vượt trên 20 triệu đồng mà người nộp thuế nhận được khi chuyển giao, chuyển quyền sử dụng các đối tượng của quyền sở hữu trí tuệ, chuyển giao công nghệ theo từng đồng. hợp 3. Thời điểm xác định thu nhập tính thuế từ tiền bản quyền là thời điểm tổ chức, cánhân trả thunhập chongười nộp thuế. Điều 17. Thuế thu nhập cá nhân đối với thu nhập từ nhượng quyền thương mại 1. Thuế thu nhập cá nhân đối với thu nhập từ nhượng quyền thương mại của cá nhân cư trú được tính bằng thu nhập tính thuế nhân (x) với thuế suất 5%. 2. Thu nhập tính thuế từ nhượng quyền thương mại là phần thu nhập vượt trên 20 triệu đồng mà người nộp thuế nhận được theo từng hợp đồng nhượng quyền thương mại. 3. Thời điểm xác định thu nhập tính thuế từ nhượng quyền thương mại là thời điểm tổ chức, cá nhân trả thu nhập cho người nộp thuế. Điều 18. Thuế thu nhập cá nhân đối với thu nhập từ nhận thừa kế, quà tặng 1. Thuế thu nhập cá nhân đối với thu nhập từ nhận thừa kế, quả tặng"", ""score"": 0.7448, ""source"": ""Luật-109-2025-QH15.pdf"", ""chunk_id"": 12, ""doc_id"": ""Luật-109-2025-QH15_12""}, {""text"": ""5%. 10 2. Thu nhập tính thuế từ đầu tư vốn là tổng số các khoản thu nhập chịu thuế từ đầu tư vốn quy định tại khoản 3 Điều 3 của Luật này mà người nộp thuế nhận được theo từnglần phát sinh. 3. Thời điểm xác định thu nhập tính thuế từ đầu tư vốn là thời điểm tổ chức, cá nhân trả thu nhập cho người nộp thuế hoặc thời điểm người nộp thuế nhận được thu nhập. 4. Chính phủ quy định chi tiết Điều này. Điều 13. Thuế thu nhập cá nhân đối với thu nhập từ chuyển nhượng vốn 1. Thuế thu nhập cá nhân đối với thu nhập từ chuyển nhượng vốn của cá nhân cư trú được xác định bằng thu nhập tính thuế nhân (x) với thuế suất 20% theo từng lần chuyển nhượng. Trong đó, thu nhập tính thuế từ chuyển nhượng vốn được xác định bằng giá chuyển nhượng trừ (-) đi giá mua và các khoản chi phí hợp lý liên quan đến việc tạo ra thu nhập từ chuyển nhượng vốn. Trường hợp không xác định giá mua và các chi phí liên quan đến việc chuyển nhượng vốn thì thuế thu nhập cá nhân được xác định bằng giá chuyển nhượng nhân (x) với thuế suất2%. 2. Thuế thu nhập cá nhân đối với thu nhập từ chuyển nhượng chứng khoán được xác định bằng giá chuyển nhượng nhân (x) với thuế suất 0,1% theo từng lần chuyển nhượng. 3. Thời điểm xác định thu nhập tính thuế từ chuyển nhượng vốn là thời điểm giao dịch hoàn thành theo quy định của pháp luật. 4. Chính phủ quy định chi tiết Điều này. Điều 14. Thuế thu nhập cá nhân đối với thu nhập từ chuyển nhượng bất động sản 1. Thuế thu nhập cá nhân đối với thu nhập từ chuyển nhượng bất động sản của cánhân trú đượcxác định bằng giá chuyểnnhượngnhân (x) với thuế suất2%. cư 2. Thời điểm xác định thu nhập tính thuế từ chuyển nhượng bất động sản là thời điểm hợp đồng chuyển nhượng có hiệu lực theo quy định của pháp luật hoặc thời điểm đăng ký quyền sử dụng, quyền sở hữu bất động sản. 3. Chính phủ quy định chi tiết Điều này. Điều 15. Thuế thu nhập cá nhân đối với thu nhập từ"", ""score"": 0.7194, ""source"": ""Luật-109-2025-QH15.pdf"", ""chunk_id"": 11, ""doc_id"": ""Luật-109-2025-QH15_11""}, {""text"": ""vận tải, dịch vụ có gắn với hàng hoá, xây dựng có bao thầu nguyênvật liệu: thuế suất 1,5%; đ) Hoạt động cung cấp sản phẩm và dịch vụ nội dung thông tin số về giải trí, trò chơi điện tử, phim số, ảnh số, nhạc số, quảng cáo số: thuế suất 5%; e) Hoạt động kinh doanh khác: thuế suất 1%. 4. Cá nhân cho thuê bất động sản, trừ hoạt động kinh doanh lưu trú, nộp thuế thu nhập cá nhân được xác định bằng phần doanh thu vượt trên mức quy định tại khoản 1 Điều này nhân (x) với thuế suất 5%. 5. Chính phủ quy định chi tiết Điều này. 8 Điều 8. Thuế thu nhập cá nhân đối với thu nhập từ tiền lương, tiền công 1. Thuế thu nhập cá nhân đối với thu nhập từ tiền lương, tiền công của cá nhân trú được xác định bằng thu nhập tính thuế quy định tại khoản 2 Điều cư này, không phân biệt nơi trả thu nhập, nhân (x) với thuế suất tại Biểu thuế lũy tiến từng phần quy định tại Điều 9 của Luật này. 2. Thu nhập tính thuế đối với thu nhập từ tiền lương, tiền công là tổng thu nhập chịu thuế quy định tại khoản 2 Điều 3 của Luật này mà người nộp thuế nhận được trong kỳ tính thuế, trừ (-) đi các khoản đóng góp bảo hiểm xã hội, bảo hiểm y tế, bảo hiểm thất nghiệp, bảo hiểm trách nhiệm nghề nghiệp đối với một số ngành, nghề phải tham gia bảo hiểm bắt buộc, khoản đóng góp tham gia bảo hiểm hưu trí bổ sung theo quy định của Luật Bảo hiểm xã hội, mua bảo hiểm hưu trí tự nguyện, bảo hiểm nhân thọ không vượt quá mức do Chính phủ quy định và các khoản giảm trừ quy định tại Điều 10 và Điều 11 của Luật này. 3. Thời điểm xác định thu nhập tính thuế từ tiền lương, tiền công là thời điểm tổ chức, cá nhân trả thu nhập cho người nộp thuế hoặc thời điểm người nộp thuế nhận được thu nhập. Điều 9. Biểu thuế luỹ tiến từng phần 1. Biểu thuế luỹ tiến từng phần áp dụng đối với thu nhập tính thuế quy định tại khoản 2 Điều 8 của Luật này. 2."", ""score"": 0.6928, ""source"": ""Luật-109-2025-QH15.pdf"", ""chunk_id"": 8, ""doc_id"": ""Luật-109-2025-QH15_8""}, {""text"": ""quyền thương mại là thời điểm tổ chức, cá nhân trả thu nhập cho người nộp thuế. Điều 18. Thuế thu nhập cá nhân đối với thu nhập từ nhận thừa kế, quà tặng 1. Thuế thu nhập cá nhân đối với thu nhập từ nhận thừa kế, quả tặng của cá nhân cư trú được xác định bằng thu nhập tính thuế nhân (x) với thuế suất 10%. 2. Thu nhập tính thuế từ nhận thừa kế, quà tặng là phần giá trị tài sản thừa kế, quà tặng vượt trên 20 triệu đồng mà người nộp thuế nhận được theo từng lần phát sinh. 3. Thời điểm xác định thu nhập tính thuế được quy định như sau: a) Đối với thu nhập từ nhận thừa kế là thời điểm người nộp thuế nhận được thừa kế; b) Đối với thu nhập từ nhận quà tặng là thời điểm tổ chức, cá nhân tặng chongười nộp thuế hoặc thời điểmngười nộp thuếnhận được thu nhập. 4. Chính phủ quy định chi tiết Điều này. Điều 19. Thuế thu nhập cá nhân đối với thu nhập khác 1. Thuế thu nhập cá nhân đối với thu nhập khác của cá nhân cư trú quy định tại các điểm a, b và c khoản 10 Điều 3 của Luật này được xác định bằng thu 12 nhập tính thuế nhân (x) với thuế suất 5%. Trong đó, thu nhập tính thuế là phần thu nhập vượt trên 20 triệu đồng mà người nộp thuế nhận được theo từng lần phát sinh. 2. Thuế thu nhập cá nhân đối với thu nhập khác của cá nhân cư trú quy định tại điểm d và điểm đ khoản 10 Điều 3 của Luật này được xác định bằng giá chuyển nhượng nhân (x) với thuế suất0,1%. 3. Thời điểm xác định thu nhập tính thuế là thời điểm tổ chức, cá nhân chỉ trả thu nhập cho người nộp thuế hoặc thời điểm người nộp thuế nhận được thu nhập. 4. Chính phủ quy định chi tiết Điều này. Chương III CĂN CỨ TÍNH THUÉ ĐÓI VỚI CÁ NHÂN KHÔNG CƯ TRÚ Điều 20. Thuế thu nhập cá nhân đối với thu nhập từ kinh doanh 1. Thuế thu nhập cá nhân đối với thu nhập từ kinh doanh của cá nhân không cư trú được xác định bằng doanh thu từ"", ""score"": 0.6856, ""source"": ""Luật-109-2025-QH15.pdf"", ""chunk_id"": 13, ""doc_id"": ""Luật-109-2025-QH15_13""}, {""text"": ""thu nhập cho người nộp thuế hoặc thời điểm người nộp thuế nhận được thu nhập. Điều 9. Biểu thuế luỹ tiến từng phần 1. Biểu thuế luỹ tiến từng phần áp dụng đối với thu nhập tính thuế quy định tại khoản 2 Điều 8 của Luật này. 2. Biểu thuế luỹ tiến từng phần được quy định như sau: Bậc Phần thu nhập tính Phần thu nhập tính Thuê suât thuế thuế/năm thuế/tháng (%) (triệu đồng) (triệu đồng) 1 Đến 120 Đến 10 5 2 Trên 120 đến 360 Trên 10 đến 30 10 3 Trên 360 đến 720 Trên 30 đến 60 20 4 Trên 720 đến 1.200 Trên 60 đến 100 30 5 Trên 1.200 Trên 100 35 Điều 10. Giảm trừ gia cảnh 1. Giảm trừ gia cảnh là số tiền được trừ vào thu nhập chịu thuế trước khi tính thuế đối với thu nhập từ tiền lương, tiền công của người nộp thuế là cá nhân cư trú. Giảm trừ gia cảnh gồm: a) Mức giảm trừ đối với người nộp thuế là 15,5 triệu đồng/tháng (186 đồng/năm); triệu b) Mức giảm trừ đối với mỗi người phụ thuộc là 6,2 triệu đồng/tháng. 2. Căn cứ biến động của giá cả, thu nhập, Chính phủ trình Ủy ban Thường vụ Quốc hội quy định mức giảm trừ gia cảnh quy định tại khoản 1 Điều này phù 9 hợp với tình hình kinh tế xã hội trong từng thời kỳ. 3. Việc xác định mức giảm trừ gia cảnh đối với người phụ thuộc thực hiện theo nguyên tắc mỗi người phụ thuộc chỉ được tính giảm trừ một lần vào một người nộp thuế. 4. Người phụ thuộc là người mà người nộp thuế có trách nhiệm nuôi dưỡng, bao gồm: a) Con chưa thành niên; con là người mất năng lực hành vi dân sự, người khuyết tật, không có khả năng lao động; b) Các cá nhân không có thu nhập hoặc có thu nhập không vượt quá mức do Bộ trưởng Bộ Tài chính quy định, bao gồm con thành niên đang học đại học, cao đẳng, trung học chuyên nghiệp hoặc học nghề; vợ hoặc chồng không có khả năng lao động; bố, mẹ đã hết tuổi lao động hoặc không có khả năng lao động; những người khác không nơi nương tựa mà người nộp thuế phải"", ""score"": 0.6472, ""source"": ""Luật-109-2025-QH15.pdf"", ""chunk_id"": 9, ""doc_id"": ""Luật-109-2025-QH15_9""}], ""mode"": ""rag""}, ""no_rag"": {""question"": ""Thuế suất đối với thu nhập từ tiền bản quyền là bao nhiêu?"", ""answer"": ""Thuế suất đối với thu nhập từ tiền bản quyền (thu nhập từ chuyển nhượng bản quyền, chuyển giao công nghệ) tại Việt Nam được quy định như sau:\n\n**Đối với cá nhân:**\n\n*   **Thuế suất:** 5%\n*   **Ngưỡng chịu thuế:** Thu nhập chịu thuế là phần thu nhập **vượt trên 10 triệu đồng** cho mỗi hợp đồng hoặc mỗi lần chuyển nhượng.\n    *   Tức là, nếu thu nhập từ một hợp đồng bản quyền là 12 triệu đồng, thì chỉ 2 triệu đồng (12 triệu - 10 triệu) chịu thuế với thuế suất 5%.\n    *   Nếu thu nhập từ một hợp đồng bản quyền là 8 triệu đồng, thì không phải nộp thuế thu nhập cá nhân.\n\nĐây là loại thu nhập thuộc diện Thuế thu nhập cá nhân (TNCN) từ chuyển nhượng bản quyền, chuyển giao công nghệ theo quy định của Luật Thuế thu nhập cá nhân và các văn bản hướng dẫn thi hành (ví dụ: Thông tư 111/2013/TT-BTC của Bộ Tài chính).\n\n**Đối với tổ chức, doanh nghiệp:**\n\nNếu một tổ chức, doanh nghiệp có thu nhập từ tiền bản quyền (doanh thu từ việc cấp phép, chuyển nhượng quyền sử dụng bản quyền hoặc quyền sở hữu trí tuệ khác), khoản thu nhập này sẽ được tính vào tổng doanh thu của doanh nghiệp và chịu **Thuế thu nhập doanh nghiệp (TNDN)** theo quy định hiện hành. Thuế suất TNDN phổ biến hiện nay là **20%** (có thể có ưu đãi đối với một số ngành nghề, lĩnh vực đặc thù).\n\n**Tóm lại:**\n\n*   **Cá nhân:** 5% trên phần thu nhập vượt 10 triệu đồng mỗi hợp đồng/lần chuyển nhượng.\n*   **Doanh nghiệp:** Thu nhập này sẽ chịu thuế thu nhập doanh nghiệp với thuế suất chung là 20% (hoặc theo mức ưu đãi nếu có).\n\nĐể có thông tin chính xác nhất và phù hợp với trường hợp cụ thể của bạn, nên tham khảo Luật Thuế thu nhập cá nhân, Luật Thuế thu nhập doanh nghiệp và các văn bản hướng dẫn mới nhất, hoặc tìm sự tư vấn từ chuyên gia thuế."", ""retrieved"": [], ""mode"": ""no_rag""}}",
